ubigeoReniec,department,province,district,region,status
10101,AMAZONAS,CHACHAPOYAS,CHACHAPOYAS,AMAZONAS,A
10102,AMAZONAS,CHACHAPOYAS,ASUNCION,AMAZONAS,A
10103,AMAZONAS,CHACHAPOYAS,BALSAS,AMAZONAS,A
10104,AMAZONAS,CHACHAPOYAS,CHETO,AMAZONAS,A
10105,AMAZONAS,CHACHAPOYAS,CHILIQUIN,AMAZONAS,A
10106,AMAZONAS,CHACHAPOYAS,CHUQUIBAMBA,AMAZONAS,A
10107,AMAZONAS,CHACHAPOYAS,GRANADA,AMAZONAS,A
10108,AMAZONAS,CHACHAPOYAS,HUANCAS,AMAZONAS,A
10109,AMAZONAS,CHACHAPOYAS,LA JALCA,AMAZONAS,A
10110,AMAZONAS,CHACHAPOYAS,LEIMEBAMBA,AMAZONAS,A
10111,AMAZONAS,CHACHAPOYAS,LEVANTO,AMAZONAS,A
10112,AMAZONAS,CHACHAPOYAS,MAGDALENA,AMAZONAS,A
10113,AMAZONAS,CHACHAPOYAS,MARISCAL CASTILLA,AMAZONAS,A
10114,AMAZONAS,CHACHAPOYAS,MOLINOPAMPA,AMAZONAS,A
10115,AMAZONAS,CHACHAPOYAS,MONTEVIDEO,AMAZONAS,A
10116,AMAZONAS,CHACHAPOYAS,OLLEROS,AMAZONAS,A
10117,AMAZONAS,CHACHAPOYAS,QUINJALCA,AMAZONAS,A
10118,AMAZONAS,CHACHAPOYAS,SAN FRANCISCO DE DAGUAS,AMAZONAS,A
10119,AMAZONAS,CHACHAPOYAS,SAN ISIDRO DE MAINO,AMAZONAS,A
10120,AMAZONAS,CHACHAPOYAS,SOLOCO,AMAZONAS,A
10121,AMAZONAS,CHACHAPOYAS,SONCHE,AMAZONAS,A
10205,AMAZONAS,BAGUA,BAGUA,AMAZONAS,A
10202,AMAZONAS,BAGUA,ARAMANGO,AMAZONAS,A
10203,AMAZONAS,BAGUA,COPALLIN,AMAZONAS,A
10204,AMAZONAS,BAGUA,EL PARCO,AMAZONAS,A
10206,AMAZONAS,BAGUA,IMAZA,AMAZONAS,A
10201,AMAZONAS,BAGUA,LA PECA,AMAZONAS,A
10301,AMAZONAS,BONGARA,JUMBILLA,AMAZONAS,A
10304,AMAZONAS,BONGARA,CHISQUILLA,AMAZONAS,A
10305,AMAZONAS,BONGARA,CHURUJA,AMAZONAS,A
10302,AMAZONAS,BONGARA,COROSHA,AMAZONAS,A
10303,AMAZONAS,BONGARA,CUISPES,AMAZONAS,A
10306,AMAZONAS,BONGARA,FLORIDA,AMAZONAS,A
10312,AMAZONAS,BONGARA,JAZAN,AMAZONAS,A
10307,AMAZONAS,BONGARA,RECTA,AMAZONAS,A
10308,AMAZONAS,BONGARA,SAN CARLOS,AMAZONAS,A
10309,AMAZONAS,BONGARA,SHIPASBAMBA,AMAZONAS,A
10310,AMAZONAS,BONGARA,VALERA,AMAZONAS,A
10311,AMAZONAS,BONGARA,YAMBRASBAMBA,AMAZONAS,A
10601,AMAZONAS,CONDORCANQUI,NIEVA,AMAZONAS,A
10603,AMAZONAS,CONDORCANQUI,EL CENEPA,AMAZONAS,A
10602,AMAZONAS,CONDORCANQUI,RIO SANTIAGO,AMAZONAS,A
10401,AMAZONAS,LUYA,LAMUD,AMAZONAS,A
10402,AMAZONAS,LUYA,CAMPORREDONDO,AMAZONAS,A
10403,AMAZONAS,LUYA,COCABAMBA,AMAZONAS,A
10404,AMAZONAS,LUYA,COLCAMAR,AMAZONAS,A
10405,AMAZONAS,LUYA,CONILA,AMAZONAS,A
10406,AMAZONAS,LUYA,INGUILPATA,AMAZONAS,A
10407,AMAZONAS,LUYA,LONGUITA,AMAZONAS,A
10408,AMAZONAS,LUYA,LONYA CHICO,AMAZONAS,A
10409,AMAZONAS,LUYA,LUYA,AMAZONAS,A
10410,AMAZONAS,LUYA,LUYA VIEJO,AMAZONAS,A
10411,AMAZONAS,LUYA,MARIA,AMAZONAS,A
10412,AMAZONAS,LUYA,OCALLI,AMAZONAS,A
10413,AMAZONAS,LUYA,OCUMAL,AMAZONAS,A
10414,AMAZONAS,LUYA,PISUQUIA,AMAZONAS,A
10423,AMAZONAS,LUYA,PROVIDENCIA,AMAZONAS,A
10415,AMAZONAS,LUYA,SAN CRISTOBAL,AMAZONAS,A
10416,AMAZONAS,LUYA,SAN FRANCISCO DEL YESO,AMAZONAS,A
10417,AMAZONAS,LUYA,SAN JERONIMO,AMAZONAS,A
10418,AMAZONAS,LUYA,SAN JUAN DE LOPECANCHA,AMAZONAS,A
10419,AMAZONAS,LUYA,SANTA CATALINA,AMAZONAS,A
10420,AMAZONAS,LUYA,SANTO TOMAS,AMAZONAS,A
10421,AMAZONAS,LUYA,TINGO,AMAZONAS,A
10422,AMAZONAS,LUYA,TRITA,AMAZONAS,A
10501,AMAZONAS,RODRIGUEZ DE MENDOZA,SAN NICOLAS,AMAZONAS,A
10503,AMAZONAS,RODRIGUEZ DE MENDOZA,CHIRIMOTO,AMAZONAS,A
10502,AMAZONAS,RODRIGUEZ DE MENDOZA,COCHAMAL,AMAZONAS,A
10504,AMAZONAS,RODRIGUEZ DE MENDOZA,HUAMBO,AMAZONAS,A
10505,AMAZONAS,RODRIGUEZ DE MENDOZA,LIMABAMBA,AMAZONAS,A
10506,AMAZONAS,RODRIGUEZ DE MENDOZA,LONGAR,AMAZONAS,A
10508,AMAZONAS,RODRIGUEZ DE MENDOZA,MARISCAL BENAVIDES,AMAZONAS,A
10507,AMAZONAS,RODRIGUEZ DE MENDOZA,MILPUC,AMAZONAS,A
10509,AMAZONAS,RODRIGUEZ DE MENDOZA,OMIA,AMAZONAS,A
10510,AMAZONAS,RODRIGUEZ DE MENDOZA,SANTA ROSA,AMAZONAS,A
10511,AMAZONAS,RODRIGUEZ DE MENDOZA,TOTORA,AMAZONAS,A
10512,AMAZONAS,RODRIGUEZ DE MENDOZA,VISTA ALEGRE,AMAZONAS,A
10701,AMAZONAS,UTCUBAMBA,BAGUA GRANDE,AMAZONAS,A
10702,AMAZONAS,UTCUBAMBA,CAJARURO,AMAZONAS,A
10703,AMAZONAS,UTCUBAMBA,CUMBA,AMAZONAS,A
10704,AMAZONAS,UTCUBAMBA,EL MILAGRO,AMAZONAS,A
10705,AMAZONAS,UTCUBAMBA,JAMALCA,AMAZONAS,A
10706,AMAZONAS,UTCUBAMBA,LONYA GRANDE,AMAZONAS,A
10707,AMAZONAS,UTCUBAMBA,YAMON,AMAZONAS,A
20101,ANCASH,HUARAZ,HUARAZ,ANCASH,A
20103,ANCASH,HUARAZ,COCHABAMBA,ANCASH,A
20104,ANCASH,HUARAZ,COLCABAMBA,ANCASH,A
20105,ANCASH,HUARAZ,HUANCHAY,ANCASH,A
20102,ANCASH,HUARAZ,INDEPENDENCIA,ANCASH,A
20106,ANCASH,HUARAZ,JANGAS,ANCASH,A
20107,ANCASH,HUARAZ,LA LIBERTAD,ANCASH,A
20108,ANCASH,HUARAZ,OLLEROS,ANCASH,A
20109,ANCASH,HUARAZ,PAMPAS,ANCASH,A
20110,ANCASH,HUARAZ,PARIACOTO,ANCASH,A
20111,ANCASH,HUARAZ,PIRA,ANCASH,A
20112,ANCASH,HUARAZ,TARICA,ANCASH,A
20201,ANCASH,AIJA,AIJA,ANCASH,A
20203,ANCASH,AIJA,CORIS,ANCASH,A
20205,ANCASH,AIJA,HUACLLAN,ANCASH,A
20206,ANCASH,AIJA,LA MERCED,ANCASH,A
20208,ANCASH,AIJA,SUCCHA,ANCASH,A
21601,ANCASH,ANTONIO RAYMONDI,LLAMELLIN,ANCASH,A
21602,ANCASH,ANTONIO RAYMONDI,ACZO,ANCASH,A
21603,ANCASH,ANTONIO RAYMONDI,CHACCHO,ANCASH,A
21604,ANCASH,ANTONIO RAYMONDI,CHINGAS,ANCASH,A
21605,ANCASH,ANTONIO RAYMONDI,MIRGAS,ANCASH,A
21606,ANCASH,ANTONIO RAYMONDI,SAN JUAN DE RONTOY,ANCASH,A
21801,ANCASH,ASUNCION,CHACAS,ANCASH,A
21802,ANCASH,ASUNCION,ACOCHACA,ANCASH,A
20301,ANCASH,BOLOGNESI,CHIQUIAN,ANCASH,A
20302,ANCASH,BOLOGNESI,ABELARDO PARDO LEZAMETA,ANCASH,A
20321,ANCASH,BOLOGNESI,ANTONIO RAYMONDI,ANCASH,A
20304,ANCASH,BOLOGNESI,AQUIA,ANCASH,A
20305,ANCASH,BOLOGNESI,CAJACAY,ANCASH,A
20322,ANCASH,BOLOGNESI,CANIS,ANCASH,A
20323,ANCASH,BOLOGNESI,COLQUIOC,ANCASH,A
20325,ANCASH,BOLOGNESI,HUALLANCA,ANCASH,A
20311,ANCASH,BOLOGNESI,HUASTA,ANCASH,A
20310,ANCASH,BOLOGNESI,HUAYLLACAYAN,ANCASH,A
20324,ANCASH,BOLOGNESI,LA PRIMAVERA,ANCASH,A
20313,ANCASH,BOLOGNESI,MANGAS,ANCASH,A
20315,ANCASH,BOLOGNESI,PACLLON,ANCASH,A
20317,ANCASH,BOLOGNESI,SAN MIGUEL DE CORPANQUI,ANCASH,A
20320,ANCASH,BOLOGNESI,TICLLOS,ANCASH,A
20401,ANCASH,CARHUAZ,CARHUAZ,ANCASH,A
20402,ANCASH,CARHUAZ,ACOPAMPA,ANCASH,A
20403,ANCASH,CARHUAZ,AMASHCA,ANCASH,A
20404,ANCASH,CARHUAZ,ANTA,ANCASH,A
20405,ANCASH,CARHUAZ,ATAQUERO,ANCASH,A
20406,ANCASH,CARHUAZ,MARCARA,ANCASH,A
20407,ANCASH,CARHUAZ,PARIAHUANCA,ANCASH,A
20408,ANCASH,CARHUAZ,SAN MIGUEL DE ACO,ANCASH,A
20409,ANCASH,CARHUAZ,SHILLA,ANCASH,A
20410,ANCASH,CARHUAZ,TINCO,ANCASH,A
20411,ANCASH,CARHUAZ,YUNGAR,ANCASH,A
21701,ANCASH,CARLOS FERMIN FITZCARRALD,SAN LUIS,ANCASH,A
21703,ANCASH,CARLOS FERMIN FITZCARRALD,SAN NICOLAS,ANCASH,A
21702,ANCASH,CARLOS FERMIN FITZCARRALD,YAUYA,ANCASH,A
20501,ANCASH,CASMA,CASMA,ANCASH,A
20502,ANCASH,CASMA,BUENA VISTA ALTA,ANCASH,A
20503,ANCASH,CASMA,COMANDANTE NOEL,ANCASH,A
20505,ANCASH,CASMA,YAUTAN,ANCASH,A
20601,ANCASH,CORONGO,CORONGO,ANCASH,A
20602,ANCASH,CORONGO,ACO,ANCASH,A
20603,ANCASH,CORONGO,BAMBAS,ANCASH,A
20604,ANCASH,CORONGO,CUSCA,ANCASH,A
20605,ANCASH,CORONGO,LA PAMPA,ANCASH,A
20606,ANCASH,CORONGO,YANAC,ANCASH,A
20607,ANCASH,CORONGO,YUPAN,ANCASH,A
20801,ANCASH,HUARI,HUARI,ANCASH,A
20816,ANCASH,HUARI,ANRA,ANCASH,A
20802,ANCASH,HUARI,CAJAY,ANCASH,A
20803,ANCASH,HUARI,CHAVIN DE HUANTAR,ANCASH,A
20804,ANCASH,HUARI,HUACACHI,ANCASH,A
20806,ANCASH,HUARI,HUACCHIS,ANCASH,A
20805,ANCASH,HUARI,HUACHIS,ANCASH,A
20807,ANCASH,HUARI,HUANTAR,ANCASH,A
20808,ANCASH,HUARI,MASIN,ANCASH,A
20809,ANCASH,HUARI,PAUCAS,ANCASH,A
20810,ANCASH,HUARI,PONTO,ANCASH,A
20811,ANCASH,HUARI,RAHUAPAMPA,ANCASH,A
20812,ANCASH,HUARI,RAPAYAN,ANCASH,A
20813,ANCASH,HUARI,SAN MARCOS,ANCASH,A
20814,ANCASH,HUARI,SAN PEDRO DE CHANA,ANCASH,A
20815,ANCASH,HUARI,UCO,ANCASH,A
21901,ANCASH,HUARMEY,HUARMEY,ANCASH,A
21902,ANCASH,HUARMEY,COCHAPETI,ANCASH,A
21905,ANCASH,HUARMEY,CULEBRAS,ANCASH,A
21903,ANCASH,HUARMEY,HUAYAN,ANCASH,A
21904,ANCASH,HUARMEY,MALVAS,ANCASH,A
20701,ANCASH,HUAYLAS,CARAZ,ANCASH,A
20702,ANCASH,HUAYLAS,HUALLANCA,ANCASH,A
20703,ANCASH,HUAYLAS,HUATA,ANCASH,A
20704,ANCASH,HUAYLAS,HUAYLAS,ANCASH,A
20705,ANCASH,HUAYLAS,MATO,ANCASH,A
20706,ANCASH,HUAYLAS,PAMPAROMAS,ANCASH,A
20707,ANCASH,HUAYLAS,PUEBLO LIBRE,ANCASH,A
20708,ANCASH,HUAYLAS,SANTA CRUZ,ANCASH,A
20710,ANCASH,HUAYLAS,SANTO TORIBIO,ANCASH,A
20709,ANCASH,HUAYLAS,YURACMARCA,ANCASH,A
20901,ANCASH,MARISCAL LUZURIAGA,PISCOBAMBA,ANCASH,A
20902,ANCASH,MARISCAL LUZURIAGA,CASCA,ANCASH,A
20908,ANCASH,MARISCAL LUZURIAGA,ELEAZAR GUZMAN BARRON,ANCASH,A
20904,ANCASH,MARISCAL LUZURIAGA,FIDEL OLIVAS ESCUDERO,ANCASH,A
20905,ANCASH,MARISCAL LUZURIAGA,LLAMA,ANCASH,A
20906,ANCASH,MARISCAL LUZURIAGA,LLUMPA,ANCASH,A
20903,ANCASH,MARISCAL LUZURIAGA,LUCMA,ANCASH,A
20907,ANCASH,MARISCAL LUZURIAGA,MUSGA,ANCASH,A
22007,ANCASH,OCROS,OCROS,ANCASH,A
22001,ANCASH,OCROS,ACAS,ANCASH,A
22002,ANCASH,OCROS,CAJAMARQUILLA,ANCASH,A
22003,ANCASH,OCROS,CARHUAPAMPA,ANCASH,A
22004,ANCASH,OCROS,COCHAS,ANCASH,A
22005,ANCASH,OCROS,CONGAS,ANCASH,A
22006,ANCASH,OCROS,LLIPA,ANCASH,A
22008,ANCASH,OCROS,SAN CRISTOBAL DE RAJAN,ANCASH,A
22009,ANCASH,OCROS,SAN PEDRO,ANCASH,A
22010,ANCASH,OCROS,SANTIAGO DE CHILCAS,ANCASH,A
21001,ANCASH,PALLASCA,CABANA,ANCASH,A
21002,ANCASH,PALLASCA,BOLOGNESI,ANCASH,A
21003,ANCASH,PALLASCA,CONCHUCOS,ANCASH,A
21004,ANCASH,PALLASCA,HUACASCHUQUE,ANCASH,A
21005,ANCASH,PALLASCA,HUANDOVAL,ANCASH,A
21006,ANCASH,PALLASCA,LACABAMBA,ANCASH,A
21007,ANCASH,PALLASCA,LLAPO,ANCASH,A
21008,ANCASH,PALLASCA,PALLASCA,ANCASH,A
21009,ANCASH,PALLASCA,PAMPAS,ANCASH,A
21010,ANCASH,PALLASCA,SANTA ROSA,ANCASH,A
21011,ANCASH,PALLASCA,TAUCA,ANCASH,A
21101,ANCASH,POMABAMBA,POMABAMBA,ANCASH,A
21102,ANCASH,POMABAMBA,HUAYLLAN,ANCASH,A
21103,ANCASH,POMABAMBA,PAROBAMBA,ANCASH,A
21104,ANCASH,POMABAMBA,QUINUABAMBA,ANCASH,A
21201,ANCASH,RECUAY,RECUAY,ANCASH,A
21210,ANCASH,RECUAY,CATAC,ANCASH,A
21202,ANCASH,RECUAY,COTAPARACO,ANCASH,A
21203,ANCASH,RECUAY,HUAYLLAPAMPA,ANCASH,A
21209,ANCASH,RECUAY,LLACLLIN,ANCASH,A
21204,ANCASH,RECUAY,MARCA,ANCASH,A
21205,ANCASH,RECUAY,PAMPAS CHICO,ANCASH,A
21206,ANCASH,RECUAY,PARARIN,ANCASH,A
21207,ANCASH,RECUAY,TAPACOCHA,ANCASH,A
21208,ANCASH,RECUAY,TICAPAMPA,ANCASH,A
21301,ANCASH,SANTA,CHIMBOTE,ANCASH,A
21302,ANCASH,SANTA,CACERES DEL PERU,ANCASH,A
21308,ANCASH,SANTA,COISHCO,ANCASH,A
21303,ANCASH,SANTA,MACATE,ANCASH,A
21304,ANCASH,SANTA,MORO,ANCASH,A
21305,ANCASH,SANTA,NEPEÑA,ANCASH,A
21306,ANCASH,SANTA,SAMANCO,ANCASH,A
21307,ANCASH,SANTA,SANTA,ANCASH,A
21309,ANCASH,SANTA,NUEVO CHIMBOTE,ANCASH,A
21401,ANCASH,SIHUAS,SIHUAS,ANCASH,A
21407,ANCASH,SIHUAS,ACOBAMBA,ANCASH,A
21402,ANCASH,SIHUAS,ALFONSO UGARTE,ANCASH,A
21408,ANCASH,SIHUAS,CASHAPAMPA,ANCASH,A
21403,ANCASH,SIHUAS,CHINGALPO,ANCASH,A
21404,ANCASH,SIHUAS,HUAYLLABAMBA,ANCASH,A
21405,ANCASH,SIHUAS,QUICHES,ANCASH,A
21409,ANCASH,SIHUAS,RAGASH,ANCASH,A
21410,ANCASH,SIHUAS,SAN JUAN,ANCASH,A
21406,ANCASH,SIHUAS,SICSIBAMBA,ANCASH,A
21501,ANCASH,YUNGAY,YUNGAY,ANCASH,A
21502,ANCASH,YUNGAY,CASCAPARA,ANCASH,A
21503,ANCASH,YUNGAY,MANCOS,ANCASH,A
21504,ANCASH,YUNGAY,MATACOTO,ANCASH,A
21505,ANCASH,YUNGAY,QUILLO,ANCASH,A
21506,ANCASH,YUNGAY,RANRAHIRCA,ANCASH,A
21507,ANCASH,YUNGAY,SHUPLUY,ANCASH,A
21508,ANCASH,YUNGAY,YANAMA,ANCASH,A
30101,APURIMAC,ABANCAY,ABANCAY,APURIMAC,A
30104,APURIMAC,ABANCAY,CHACOCHE,APURIMAC,A
30102,APURIMAC,ABANCAY,CIRCA,APURIMAC,A
30103,APURIMAC,ABANCAY,CURAHUASI,APURIMAC,A
30105,APURIMAC,ABANCAY,HUANIPACA,APURIMAC,A
30106,APURIMAC,ABANCAY,LAMBRAMA,APURIMAC,A
30107,APURIMAC,ABANCAY,PICHIRHUA,APURIMAC,A
30108,APURIMAC,ABANCAY,SAN PEDRO DE CACHORA,APURIMAC,A
30109,APURIMAC,ABANCAY,TAMBURCO,APURIMAC,A
30301,APURIMAC,ANDAHUAYLAS,ANDAHUAYLAS,APURIMAC,A
30302,APURIMAC,ANDAHUAYLAS,ANDARAPA,APURIMAC,A
30303,APURIMAC,ANDAHUAYLAS,CHIARA,APURIMAC,A
30304,APURIMAC,ANDAHUAYLAS,HUANCARAMA,APURIMAC,A
30305,APURIMAC,ANDAHUAYLAS,HUANCARAY,APURIMAC,A
30317,APURIMAC,ANDAHUAYLAS,HUAYANA,APURIMAC,A
30306,APURIMAC,ANDAHUAYLAS,KISHUARA,APURIMAC,A
30307,APURIMAC,ANDAHUAYLAS,PACOBAMBA,APURIMAC,A
30313,APURIMAC,ANDAHUAYLAS,PACUCHA,APURIMAC,A
30308,APURIMAC,ANDAHUAYLAS,PAMPACHIRI,APURIMAC,A
30314,APURIMAC,ANDAHUAYLAS,POMACOCHA,APURIMAC,A
30309,APURIMAC,ANDAHUAYLAS,SAN ANTONIO DE CACHI,APURIMAC,A
30310,APURIMAC,ANDAHUAYLAS,SAN JERONIMO,APURIMAC,A
30318,APURIMAC,ANDAHUAYLAS,SAN MIGUEL DE CHACCRAMPA,APURIMAC,A
30315,APURIMAC,ANDAHUAYLAS,SANTA MARIA DE CHICMO,APURIMAC,A
30311,APURIMAC,ANDAHUAYLAS,TALAVERA,APURIMAC,A
30316,APURIMAC,ANDAHUAYLAS,TUMAY HUARACA,APURIMAC,A
30312,APURIMAC,ANDAHUAYLAS,TURPO,APURIMAC,A
30319,APURIMAC,ANDAHUAYLAS,KAQUIABAMBA,APURIMAC,A
30320,APURIMAC,ANDAHUAYLAS,JOSE MARIA ARGUEDAS,APURIMAC,A
30401,APURIMAC,ANTABAMBA,ANTABAMBA,APURIMAC,A
30402,APURIMAC,ANTABAMBA,EL ORO,APURIMAC,A
30403,APURIMAC,ANTABAMBA,HUAQUIRCA,APURIMAC,A
30404,APURIMAC,ANTABAMBA,JUAN ESPINOZA MEDRANO,APURIMAC,A
30405,APURIMAC,ANTABAMBA,OROPESA,APURIMAC,A
30406,APURIMAC,ANTABAMBA,PACHACONAS,APURIMAC,A
30407,APURIMAC,ANTABAMBA,SABAINO,APURIMAC,A
30201,APURIMAC,AYMARAES,CHALHUANCA,APURIMAC,A
30202,APURIMAC,AYMARAES,CAPAYA,APURIMAC,A
30203,APURIMAC,AYMARAES,CARAYBAMBA,APURIMAC,A
30206,APURIMAC,AYMARAES,CHAPIMARCA,APURIMAC,A
30204,APURIMAC,AYMARAES,COLCABAMBA,APURIMAC,A
30205,APURIMAC,AYMARAES,COTARUSE,APURIMAC,A
30207,APURIMAC,AYMARAES,HUAYLLO,APURIMAC,A
30217,APURIMAC,AYMARAES,JUSTO APU SAHUARAURA,APURIMAC,A
30208,APURIMAC,AYMARAES,LUCRE,APURIMAC,A
30209,APURIMAC,AYMARAES,POCOHUANCA,APURIMAC,A
30216,APURIMAC,AYMARAES,SAN JUAN DE CHACÑA,APURIMAC,A
30210,APURIMAC,AYMARAES,SAÑAYCA,APURIMAC,A
30211,APURIMAC,AYMARAES,SORAYA,APURIMAC,A
30212,APURIMAC,AYMARAES,TAPAIRIHUA,APURIMAC,A
30213,APURIMAC,AYMARAES,TINTAY,APURIMAC,A
30214,APURIMAC,AYMARAES,TORAYA,APURIMAC,A
30215,APURIMAC,AYMARAES,YANACA,APURIMAC,A
30501,APURIMAC,COTABAMBAS,TAMBOBAMBA,APURIMAC,A
30503,APURIMAC,COTABAMBAS,COTABAMBAS,APURIMAC,A
30502,APURIMAC,COTABAMBAS,COYLLURQUI,APURIMAC,A
30504,APURIMAC,COTABAMBAS,HAQUIRA,APURIMAC,A
30505,APURIMAC,COTABAMBAS,MARA,APURIMAC,A
30506,APURIMAC,COTABAMBAS,CHALLHUAHUACHO,APURIMAC,A
30701,APURIMAC,CHINCHEROS,CHINCHEROS,APURIMAC,A
30705,APURIMAC,CHINCHEROS,ANCO-HUALLO,APURIMAC,A
30704,APURIMAC,CHINCHEROS,COCHARCAS,APURIMAC,A
30706,APURIMAC,CHINCHEROS,HUACCANA,APURIMAC,A
30703,APURIMAC,CHINCHEROS,OCOBAMBA,APURIMAC,A
30702,APURIMAC,CHINCHEROS,ONGOY,APURIMAC,A
30707,APURIMAC,CHINCHEROS,URANMARCA,APURIMAC,A
30708,APURIMAC,CHINCHEROS,RANRACANCHA,APURIMAC,A
30709,APURIMAC,CHINCHEROS,ROCCHACC,APURIMAC,A
30710,APURIMAC,CHINCHEROS,EL PORVENIR,APURIMAC,A
30711,APURIMAC,CHINCHEROS,LOS CHANKAS,APURIMAC,A
30601,APURIMAC,GRAU,CHUQUIBAMBILLA,APURIMAC,A
30602,APURIMAC,GRAU,CURPAHUASI,APURIMAC,A
30605,APURIMAC,GRAU,GAMARRA,APURIMAC,A
30603,APURIMAC,GRAU,HUAYLLATI,APURIMAC,A
30604,APURIMAC,GRAU,MAMARA,APURIMAC,A
30606,APURIMAC,GRAU,MICAELA BASTIDAS,APURIMAC,A
30608,APURIMAC,GRAU,PATAYPAMPA,APURIMAC,A
30607,APURIMAC,GRAU,PROGRESO,APURIMAC,A
30609,APURIMAC,GRAU,SAN ANTONIO,APURIMAC,A
30613,APURIMAC,GRAU,SANTA ROSA,APURIMAC,A
30610,APURIMAC,GRAU,TURPAY,APURIMAC,A
30611,APURIMAC,GRAU,VILCABAMBA,APURIMAC,A
30612,APURIMAC,GRAU,VIRUNDO,APURIMAC,A
30614,APURIMAC,GRAU,CURASCO,APURIMAC,A
40101,AREQUIPA,AREQUIPA,AREQUIPA,AREQUIPA,A
40128,AREQUIPA,AREQUIPA,ALTO SELVA ALEGRE,AREQUIPA,A
40102,AREQUIPA,AREQUIPA,CAYMA,AREQUIPA,A
40103,AREQUIPA,AREQUIPA,CERRO COLORADO,AREQUIPA,A
40104,AREQUIPA,AREQUIPA,CHARACATO,AREQUIPA,A
40105,AREQUIPA,AREQUIPA,CHIGUATA,AREQUIPA,A
40127,AREQUIPA,AREQUIPA,JACOBO HUNTER,AREQUIPA,A
40106,AREQUIPA,AREQUIPA,LA JOYA,AREQUIPA,A
40126,AREQUIPA,AREQUIPA,MARIANO MELGAR,AREQUIPA,A
40107,AREQUIPA,AREQUIPA,MIRAFLORES,AREQUIPA,A
40108,AREQUIPA,AREQUIPA,MOLLEBAYA,AREQUIPA,A
40109,AREQUIPA,AREQUIPA,PAUCARPATA,AREQUIPA,A
40110,AREQUIPA,AREQUIPA,POCSI,AREQUIPA,A
40111,AREQUIPA,AREQUIPA,POLOBAYA,AREQUIPA,A
40112,AREQUIPA,AREQUIPA,QUEQUEÑA,AREQUIPA,A
40113,AREQUIPA,AREQUIPA,SABANDIA,AREQUIPA,A
40114,AREQUIPA,AREQUIPA,SACHACA,AREQUIPA,A
40115,AREQUIPA,AREQUIPA,SAN JUAN DE SIGUAS,AREQUIPA,A
40116,AREQUIPA,AREQUIPA,SAN JUAN DE TARUCANI,AREQUIPA,A
40117,AREQUIPA,AREQUIPA,SANTA ISABEL DE SIGUAS,AREQUIPA,A
40118,AREQUIPA,AREQUIPA,SANTA RITA DE SIGUAS,AREQUIPA,A
40119,AREQUIPA,AREQUIPA,SOCABAYA,AREQUIPA,A
40120,AREQUIPA,AREQUIPA,TIABAYA,AREQUIPA,A
40121,AREQUIPA,AREQUIPA,UCHUMAYO,AREQUIPA,A
40122,AREQUIPA,AREQUIPA,VITOR,AREQUIPA,A
40123,AREQUIPA,AREQUIPA,YANAHUARA,AREQUIPA,A
40124,AREQUIPA,AREQUIPA,YARABAMBA,AREQUIPA,A
40125,AREQUIPA,AREQUIPA,YURA,AREQUIPA,A
40129,AREQUIPA,AREQUIPA,JOSE LUIS BUSTAMANTE Y RIVERO,AREQUIPA,A
40301,AREQUIPA,CAMANA,CAMANA,AREQUIPA,A
40302,AREQUIPA,CAMANA,JOSE MARIA QUIMPER,AREQUIPA,A
40303,AREQUIPA,CAMANA,MARIANO NICOLAS VALCARCEL,AREQUIPA,A
40304,AREQUIPA,CAMANA,MARISCAL CACERES,AREQUIPA,A
40305,AREQUIPA,CAMANA,NICOLAS DE PIEROLA,AREQUIPA,A
40306,AREQUIPA,CAMANA,OCOÑA,AREQUIPA,A
40307,AREQUIPA,CAMANA,QUILCA,AREQUIPA,A
40308,AREQUIPA,CAMANA,SAMUEL PASTOR,AREQUIPA,A
40401,AREQUIPA,CARAVELI,CARAVELI,AREQUIPA,A
40402,AREQUIPA,CARAVELI,ACARI,AREQUIPA,A
40403,AREQUIPA,CARAVELI,ATICO,AREQUIPA,A
40404,AREQUIPA,CARAVELI,ATIQUIPA,AREQUIPA,A
40405,AREQUIPA,CARAVELI,BELLA UNION,AREQUIPA,A
40406,AREQUIPA,CARAVELI,CAHUACHO,AREQUIPA,A
40407,AREQUIPA,CARAVELI,CHALA,AREQUIPA,A
40408,AREQUIPA,CARAVELI,CHAPARRA,AREQUIPA,A
40409,AREQUIPA,CARAVELI,HUANUHUANU,AREQUIPA,A
40410,AREQUIPA,CARAVELI,JAQUI,AREQUIPA,A
40411,AREQUIPA,CARAVELI,LOMAS,AREQUIPA,A
40412,AREQUIPA,CARAVELI,QUICACHA,AREQUIPA,A
40413,AREQUIPA,CARAVELI,YAUCA,AREQUIPA,A
40501,AREQUIPA,CASTILLA,APLAO,AREQUIPA,A
40502,AREQUIPA,CASTILLA,ANDAGUA,AREQUIPA,A
40503,AREQUIPA,CASTILLA,AYO,AREQUIPA,A
40504,AREQUIPA,CASTILLA,CHACHAS,AREQUIPA,A
40505,AREQUIPA,CASTILLA,CHILCAYMARCA,AREQUIPA,A
40506,AREQUIPA,CASTILLA,CHOCO,AREQUIPA,A
40507,AREQUIPA,CASTILLA,HUANCARQUI,AREQUIPA,A
40508,AREQUIPA,CASTILLA,MACHAGUAY,AREQUIPA,A
40509,AREQUIPA,CASTILLA,ORCOPAMPA,AREQUIPA,A
40510,AREQUIPA,CASTILLA,PAMPACOLCA,AREQUIPA,A
40511,AREQUIPA,CASTILLA,TIPAN,AREQUIPA,A
40513,AREQUIPA,CASTILLA,UÑON,AREQUIPA,A
40512,AREQUIPA,CASTILLA,URACA,AREQUIPA,A
40514,AREQUIPA,CASTILLA,VIRACO,AREQUIPA,A
40201,AREQUIPA,CAYLLOMA,CHIVAY,AREQUIPA,A
40202,AREQUIPA,CAYLLOMA,ACHOMA,AREQUIPA,A
40203,AREQUIPA,CAYLLOMA,CABANACONDE,AREQUIPA,A
40205,AREQUIPA,CAYLLOMA,CALLALLI,AREQUIPA,A
40204,AREQUIPA,CAYLLOMA,CAYLLOMA,AREQUIPA,A
40206,AREQUIPA,CAYLLOMA,COPORAQUE,AREQUIPA,A
40207,AREQUIPA,CAYLLOMA,HUAMBO,AREQUIPA,A
40208,AREQUIPA,CAYLLOMA,HUANCA,AREQUIPA,A
40209,AREQUIPA,CAYLLOMA,ICHUPAMPA,AREQUIPA,A
40210,AREQUIPA,CAYLLOMA,LARI,AREQUIPA,A
40211,AREQUIPA,CAYLLOMA,LLUTA,AREQUIPA,A
40212,AREQUIPA,CAYLLOMA,MACA,AREQUIPA,A
40213,AREQUIPA,CAYLLOMA,MADRIGAL,AREQUIPA,A
40214,AREQUIPA,CAYLLOMA,SAN ANTONIO DE CHUCA,AREQUIPA,A
40215,AREQUIPA,CAYLLOMA,SIBAYO,AREQUIPA,A
40216,AREQUIPA,CAYLLOMA,TAPAY,AREQUIPA,A
40217,AREQUIPA,CAYLLOMA,TISCO,AREQUIPA,A
40218,AREQUIPA,CAYLLOMA,TUTI,AREQUIPA,A
40219,AREQUIPA,CAYLLOMA,YANQUE,AREQUIPA,A
40220,AREQUIPA,CAYLLOMA,MAJES,AREQUIPA,A
40601,AREQUIPA,CONDESUYOS,CHUQUIBAMBA,AREQUIPA,A
40602,AREQUIPA,CONDESUYOS,ANDARAY,AREQUIPA,A
40603,AREQUIPA,CONDESUYOS,CAYARANI,AREQUIPA,A
40604,AREQUIPA,CONDESUYOS,CHICHAS,AREQUIPA,A
40605,AREQUIPA,CONDESUYOS,IRAY,AREQUIPA,A
40608,AREQUIPA,CONDESUYOS,RIO GRANDE,AREQUIPA,A
40606,AREQUIPA,CONDESUYOS,SALAMANCA,AREQUIPA,A
40607,AREQUIPA,CONDESUYOS,YANAQUIHUA,AREQUIPA,A
40701,AREQUIPA,ISLAY,MOLLENDO,AREQUIPA,A
40702,AREQUIPA,ISLAY,COCACHACRA,AREQUIPA,A
40703,AREQUIPA,ISLAY,DEAN VALDIVIA,AREQUIPA,A
40704,AREQUIPA,ISLAY,ISLAY,AREQUIPA,A
40705,AREQUIPA,ISLAY,MEJIA,AREQUIPA,A
40706,AREQUIPA,ISLAY,PUNTA DE BOMBON,AREQUIPA,A
40801,AREQUIPA,LA UNION,COTAHUASI,AREQUIPA,A
40802,AREQUIPA,LA UNION,ALCA,AREQUIPA,A
40803,AREQUIPA,LA UNION,CHARCANA,AREQUIPA,A
40804,AREQUIPA,LA UNION,HUAYNACOTAS,AREQUIPA,A
40805,AREQUIPA,LA UNION,PAMPAMARCA,AREQUIPA,A
40806,AREQUIPA,LA UNION,PUYCA,AREQUIPA,A
40807,AREQUIPA,LA UNION,QUECHUALLA,AREQUIPA,A
40808,AREQUIPA,LA UNION,SAYLA,AREQUIPA,A
40809,AREQUIPA,LA UNION,TAURIA,AREQUIPA,A
40810,AREQUIPA,LA UNION,TOMEPAMPA,AREQUIPA,A
40811,AREQUIPA,LA UNION,TORO,AREQUIPA,A
50101,AYACUCHO,HUAMANGA,AYACUCHO,AYACUCHO,A
50111,AYACUCHO,HUAMANGA,ACOCRO,AYACUCHO,A
50102,AYACUCHO,HUAMANGA,ACOS VINCHOS,AYACUCHO,A
50103,AYACUCHO,HUAMANGA,CARMEN ALTO,AYACUCHO,A
50104,AYACUCHO,HUAMANGA,CHIARA,AYACUCHO,A
50113,AYACUCHO,HUAMANGA,OCROS,AYACUCHO,A
50114,AYACUCHO,HUAMANGA,PACAYCASA,AYACUCHO,A
50105,AYACUCHO,HUAMANGA,QUINUA,AYACUCHO,A
50106,AYACUCHO,HUAMANGA,SAN JOSE DE TICLLAS,AYACUCHO,A
50107,AYACUCHO,HUAMANGA,SAN JUAN BAUTISTA,AYACUCHO,A
50108,AYACUCHO,HUAMANGA,SANTIAGO DE PISCHA,AYACUCHO,A
50112,AYACUCHO,HUAMANGA,SOCOS,AYACUCHO,A
50110,AYACUCHO,HUAMANGA,TAMBILLO,AYACUCHO,A
50109,AYACUCHO,HUAMANGA,VINCHOS,AYACUCHO,A
50115,AYACUCHO,HUAMANGA,JESUS NAZARENO,AYACUCHO,A
50116,AYACUCHO,HUAMANGA,ANDRES AVELINO CACERES DORREGARAY,AYACUCHO,A
50201,AYACUCHO,CANGALLO,CANGALLO,AYACUCHO,A
50204,AYACUCHO,CANGALLO,CHUSCHI,AYACUCHO,A
50206,AYACUCHO,CANGALLO,LOS MOROCHUCOS,AYACUCHO,A
50211,AYACUCHO,CANGALLO,MARIA PARADO DE BELLIDO,AYACUCHO,A
50207,AYACUCHO,CANGALLO,PARAS,AYACUCHO,A
50208,AYACUCHO,CANGALLO,TOTOS,AYACUCHO,A
50801,AYACUCHO,HUANCA SANCOS,SANCOS,AYACUCHO,A
50804,AYACUCHO,HUANCA SANCOS,CARAPO,AYACUCHO,A
50802,AYACUCHO,HUANCA SANCOS,SACSAMARCA,AYACUCHO,A
50803,AYACUCHO,HUANCA SANCOS,SANTIAGO DE LUCANAMARCA,AYACUCHO,A
50301,AYACUCHO,HUANTA,HUANTA,AYACUCHO,A
50302,AYACUCHO,HUANTA,AYAHUANCO,AYACUCHO,A
50303,AYACUCHO,HUANTA,HUAMANGUILLA,AYACUCHO,A
50304,AYACUCHO,HUANTA,IGUAIN,AYACUCHO,A
50305,AYACUCHO,HUANTA,LURICOCHA,AYACUCHO,A
50307,AYACUCHO,HUANTA,SANTILLANA,AYACUCHO,A
50308,AYACUCHO,HUANTA,SIVIA,AYACUCHO,A
50309,AYACUCHO,HUANTA,LLOCHEGUA,AYACUCHO,A
50310,AYACUCHO,HUANTA,CANAYRE,AYACUCHO,A
50311,AYACUCHO,HUANTA,UCHURACCAY,AYACUCHO,A
50312,AYACUCHO,HUANTA,PUCACOLPA,AYACUCHO,A
50313,AYACUCHO,HUANTA,CHACA,AYACUCHO,A
50401,AYACUCHO,LA MAR,SAN MIGUEL,AYACUCHO,A
50402,AYACUCHO,LA MAR,ANCO,AYACUCHO,A
50403,AYACUCHO,LA MAR,AYNA,AYACUCHO,A
50404,AYACUCHO,LA MAR,CHILCAS,AYACUCHO,A
50405,AYACUCHO,LA MAR,CHUNGUI,AYACUCHO,A
50407,AYACUCHO,LA MAR,LUIS CARRANZA,AYACUCHO,A
50408,AYACUCHO,LA MAR,SANTA ROSA,AYACUCHO,A
50406,AYACUCHO,LA MAR,TAMBO,AYACUCHO,A
50409,AYACUCHO,LA MAR,SAMUGARI,AYACUCHO,A
50410,AYACUCHO,LA MAR,ANCHIHUAY,AYACUCHO,A
50411,AYACUCHO,LA MAR,ORONCCOY,AYACUCHO,A
50501,AYACUCHO,LUCANAS,PUQUIO,AYACUCHO,A
50502,AYACUCHO,LUCANAS,AUCARA,AYACUCHO,A
50503,AYACUCHO,LUCANAS,CABANA,AYACUCHO,A
50504,AYACUCHO,LUCANAS,CARMEN SALCEDO,AYACUCHO,A
50506,AYACUCHO,LUCANAS,CHAVIÑA,AYACUCHO,A
50508,AYACUCHO,LUCANAS,CHIPAO,AYACUCHO,A
50510,AYACUCHO,LUCANAS,HUAC-HUAS,AYACUCHO,A
50511,AYACUCHO,LUCANAS,LARAMATE,AYACUCHO,A
50512,AYACUCHO,LUCANAS,LEONCIO PRADO,AYACUCHO,A
50514,AYACUCHO,LUCANAS,LLAUTA,AYACUCHO,A
50513,AYACUCHO,LUCANAS,LUCANAS,AYACUCHO,A
50516,AYACUCHO,LUCANAS,OCAÑA,AYACUCHO,A
50517,AYACUCHO,LUCANAS,OTOCA,AYACUCHO,A
50529,AYACUCHO,LUCANAS,SAISA,AYACUCHO,A
50532,AYACUCHO,LUCANAS,SAN CRISTOBAL,AYACUCHO,A
50521,AYACUCHO,LUCANAS,SAN JUAN,AYACUCHO,A
50522,AYACUCHO,LUCANAS,SAN PEDRO,AYACUCHO,A
50531,AYACUCHO,LUCANAS,SAN PEDRO DE PALCO,AYACUCHO,A
50520,AYACUCHO,LUCANAS,SANCOS,AYACUCHO,A
50524,AYACUCHO,LUCANAS,SANTA ANA DE HUAYCAHUACHO,AYACUCHO,A
50525,AYACUCHO,LUCANAS,SANTA LUCIA,AYACUCHO,A
50601,AYACUCHO,PARINACOCHAS,CORACORA,AYACUCHO,A
50605,AYACUCHO,PARINACOCHAS,CHUMPI,AYACUCHO,A
50604,AYACUCHO,PARINACOCHAS,CORONEL CASTAÑEDA,AYACUCHO,A
50608,AYACUCHO,PARINACOCHAS,PACAPAUSA,AYACUCHO,A
50611,AYACUCHO,PARINACOCHAS,PULLO,AYACUCHO,A
50612,AYACUCHO,PARINACOCHAS,PUYUSCA,AYACUCHO,A
50615,AYACUCHO,PARINACOCHAS,SAN FRANCISCO DE RAVACAYCO,AYACUCHO,A
50616,AYACUCHO,PARINACOCHAS,UPAHUACHO,AYACUCHO,A
51001,AYACUCHO,PAUCAR DEL SARA SARA,PAUSA,AYACUCHO,A
51002,AYACUCHO,PAUCAR DEL SARA SARA,COLTA,AYACUCHO,A
51003,AYACUCHO,PAUCAR DEL SARA SARA,CORCULLA,AYACUCHO,A
51004,AYACUCHO,PAUCAR DEL SARA SARA,LAMPA,AYACUCHO,A
51005,AYACUCHO,PAUCAR DEL SARA SARA,MARCABAMBA,AYACUCHO,A
51006,AYACUCHO,PAUCAR DEL SARA SARA,OYOLO,AYACUCHO,A
51007,AYACUCHO,PAUCAR DEL SARA SARA,PARARCA,AYACUCHO,A
51008,AYACUCHO,PAUCAR DEL SARA SARA,SAN JAVIER DE ALPABAMBA,AYACUCHO,A
51009,AYACUCHO,PAUCAR DEL SARA SARA,SAN JOSE DE USHUA,AYACUCHO,A
51010,AYACUCHO,PAUCAR DEL SARA SARA,SARA SARA,AYACUCHO,A
51101,AYACUCHO,SUCRE,QUEROBAMBA,AYACUCHO,A
51102,AYACUCHO,SUCRE,BELEN,AYACUCHO,A
51103,AYACUCHO,SUCRE,CHALCOS,AYACUCHO,A
51110,AYACUCHO,SUCRE,CHILCAYOC,AYACUCHO,A
51109,AYACUCHO,SUCRE,HUACAÑA,AYACUCHO,A
51111,AYACUCHO,SUCRE,MORCOLLA,AYACUCHO,A
51105,AYACUCHO,SUCRE,PAICO,AYACUCHO,A
51107,AYACUCHO,SUCRE,SAN PEDRO DE LARCAY,AYACUCHO,A
51104,AYACUCHO,SUCRE,SAN SALVADOR DE QUIJE,AYACUCHO,A
51106,AYACUCHO,SUCRE,SANTIAGO DE PAUCARAY,AYACUCHO,A
51108,AYACUCHO,SUCRE,SORAS,AYACUCHO,A
50701,AYACUCHO,VICTOR FAJARDO,HUANCAPI,AYACUCHO,A
50702,AYACUCHO,VICTOR FAJARDO,ALCAMENCA,AYACUCHO,A
50703,AYACUCHO,VICTOR FAJARDO,APONGO,AYACUCHO,A
50715,AYACUCHO,VICTOR FAJARDO,ASQUIPATA,AYACUCHO,A
50704,AYACUCHO,VICTOR FAJARDO,CANARIA,AYACUCHO,A
50706,AYACUCHO,VICTOR FAJARDO,CAYARA,AYACUCHO,A
50707,AYACUCHO,VICTOR FAJARDO,COLCA,AYACUCHO,A
50709,AYACUCHO,VICTOR FAJARDO,HUAMANQUIQUIA,AYACUCHO,A
50710,AYACUCHO,VICTOR FAJARDO,HUANCARAYLLA,AYACUCHO,A
50708,AYACUCHO,VICTOR FAJARDO,HUAYA,AYACUCHO,A
50713,AYACUCHO,VICTOR FAJARDO,SARHUA,AYACUCHO,A
50714,AYACUCHO,VICTOR FAJARDO,VILCANCHOS,AYACUCHO,A
50901,AYACUCHO,VILCAS HUAMAN,VILCAS HUAMAN,AYACUCHO,A
50903,AYACUCHO,VILCAS HUAMAN,ACCOMARCA,AYACUCHO,A
50904,AYACUCHO,VILCAS HUAMAN,CARHUANCA,AYACUCHO,A
50905,AYACUCHO,VILCAS HUAMAN,CONCEPCION,AYACUCHO,A
50906,AYACUCHO,VILCAS HUAMAN,HUAMBALPA,AYACUCHO,A
50908,AYACUCHO,VILCAS HUAMAN,INDEPENDENCIA,AYACUCHO,A
50907,AYACUCHO,VILCAS HUAMAN,SAURAMA,AYACUCHO,A
50902,AYACUCHO,VILCAS HUAMAN,VISCHONGO,AYACUCHO,A
60101,CAJAMARCA,CAJAMARCA,CAJAMARCA,CAJAMARCA,A
60102,CAJAMARCA,CAJAMARCA,ASUNCION,CAJAMARCA,A
60104,CAJAMARCA,CAJAMARCA,CHETILLA,CAJAMARCA,A
60103,CAJAMARCA,CAJAMARCA,COSPAN,CAJAMARCA,A
60105,CAJAMARCA,CAJAMARCA,ENCAÑADA,CAJAMARCA,A
60106,CAJAMARCA,CAJAMARCA,JESUS,CAJAMARCA,A
60108,CAJAMARCA,CAJAMARCA,LLACANORA,CAJAMARCA,A
60107,CAJAMARCA,CAJAMARCA,LOS BAÑOS DEL INCA,CAJAMARCA,A
60109,CAJAMARCA,CAJAMARCA,MAGDALENA,CAJAMARCA,A
60110,CAJAMARCA,CAJAMARCA,MATARA,CAJAMARCA,A
60111,CAJAMARCA,CAJAMARCA,NAMORA,CAJAMARCA,A
60112,CAJAMARCA,CAJAMARCA,SAN JUAN,CAJAMARCA,A
60201,CAJAMARCA,CAJABAMBA,CAJABAMBA,CAJAMARCA,A
60202,CAJAMARCA,CAJABAMBA,CACHACHI,CAJAMARCA,A
60203,CAJAMARCA,CAJABAMBA,CONDEBAMBA,CAJAMARCA,A
60205,CAJAMARCA,CAJABAMBA,SITACOCHA,CAJAMARCA,A
60301,CAJAMARCA,CELENDIN,CELENDIN,CAJAMARCA,A
60303,CAJAMARCA,CELENDIN,CHUMUCH,CAJAMARCA,A
60302,CAJAMARCA,CELENDIN,CORTEGANA,CAJAMARCA,A
60304,CAJAMARCA,CELENDIN,HUASMIN,CAJAMARCA,A
60305,CAJAMARCA,CELENDIN,JORGE CHAVEZ,CAJAMARCA,A
60306,CAJAMARCA,CELENDIN,JOSE GALVEZ,CAJAMARCA,A
60307,CAJAMARCA,CELENDIN,MIGUEL IGLESIAS,CAJAMARCA,A
60308,CAJAMARCA,CELENDIN,OXAMARCA,CAJAMARCA,A
60309,CAJAMARCA,CELENDIN,SOROCHUCO,CAJAMARCA,A
60310,CAJAMARCA,CELENDIN,SUCRE,CAJAMARCA,A
60311,CAJAMARCA,CELENDIN,UTCO,CAJAMARCA,A
60312,CAJAMARCA,CELENDIN,LA LIBERTAD DE PALLAN,CAJAMARCA,A
60601,CAJAMARCA,CHOTA,CHOTA,CAJAMARCA,A
60602,CAJAMARCA,CHOTA,ANGUIA,CAJAMARCA,A
60605,CAJAMARCA,CHOTA,CHADIN,CAJAMARCA,A
60606,CAJAMARCA,CHOTA,CHIGUIRIP,CAJAMARCA,A
60607,CAJAMARCA,CHOTA,CHIMBAN,CAJAMARCA,A
60618,CAJAMARCA,CHOTA,CHOROPAMPA,CAJAMARCA,A
60603,CAJAMARCA,CHOTA,COCHABAMBA,CAJAMARCA,A
60604,CAJAMARCA,CHOTA,CONCHAN,CAJAMARCA,A
60608,CAJAMARCA,CHOTA,HUAMBOS,CAJAMARCA,A
60609,CAJAMARCA,CHOTA,LAJAS,CAJAMARCA,A
60610,CAJAMARCA,CHOTA,LLAMA,CAJAMARCA,A
60611,CAJAMARCA,CHOTA,MIRACOSTA,CAJAMARCA,A
60612,CAJAMARCA,CHOTA,PACCHA,CAJAMARCA,A
60613,CAJAMARCA,CHOTA,PION,CAJAMARCA,A
60614,CAJAMARCA,CHOTA,QUEROCOTO,CAJAMARCA,A
60617,CAJAMARCA,CHOTA,SAN JUAN DE LICUPIS,CAJAMARCA,A
60615,CAJAMARCA,CHOTA,TACABAMBA,CAJAMARCA,A
60616,CAJAMARCA,CHOTA,TOCMOCHE,CAJAMARCA,A
60619,CAJAMARCA,CHOTA,CHALAMARCA,CAJAMARCA,A
60401,CAJAMARCA,CONTUMAZA,CONTUMAZA,CAJAMARCA,A
60403,CAJAMARCA,CONTUMAZA,CHILETE,CAJAMARCA,A
60406,CAJAMARCA,CONTUMAZA,CUPISNIQUE,CAJAMARCA,A
60404,CAJAMARCA,CONTUMAZA,GUZMANGO,CAJAMARCA,A
60405,CAJAMARCA,CONTUMAZA,SAN BENITO,CAJAMARCA,A
60409,CAJAMARCA,CONTUMAZA,SANTA CRUZ DE TOLEDO,CAJAMARCA,A
60407,CAJAMARCA,CONTUMAZA,TANTARICA,CAJAMARCA,A
60408,CAJAMARCA,CONTUMAZA,YONAN,CAJAMARCA,A
60501,CAJAMARCA,CUTERVO,CUTERVO,CAJAMARCA,A
60502,CAJAMARCA,CUTERVO,CALLAYUC,CAJAMARCA,A
60504,CAJAMARCA,CUTERVO,CHOROS,CAJAMARCA,A
60503,CAJAMARCA,CUTERVO,CUJILLO,CAJAMARCA,A
60505,CAJAMARCA,CUTERVO,LA RAMADA,CAJAMARCA,A
60506,CAJAMARCA,CUTERVO,PIMPINGOS,CAJAMARCA,A
60507,CAJAMARCA,CUTERVO,QUEROCOTILLO,CAJAMARCA,A
60508,CAJAMARCA,CUTERVO,SAN ANDRES DE CUTERVO,CAJAMARCA,A
60509,CAJAMARCA,CUTERVO,SAN JUAN DE CUTERVO,CAJAMARCA,A
60510,CAJAMARCA,CUTERVO,SAN LUIS DE LUCMA,CAJAMARCA,A
60511,CAJAMARCA,CUTERVO,SANTA CRUZ,CAJAMARCA,A
60512,CAJAMARCA,CUTERVO,SANTO DOMINGO DE LA CAPILLA,CAJAMARCA,A
60513,CAJAMARCA,CUTERVO,SANTO TOMAS,CAJAMARCA,A
60514,CAJAMARCA,CUTERVO,SOCOTA,CAJAMARCA,A
60515,CAJAMARCA,CUTERVO,TORIBIO CASANOVA,CAJAMARCA,A
60701,CAJAMARCA,HUALGAYOC,BAMBAMARCA,CAJAMARCA,A
60702,CAJAMARCA,HUALGAYOC,CHUGUR,CAJAMARCA,A
60703,CAJAMARCA,HUALGAYOC,HUALGAYOC,CAJAMARCA,A
60801,CAJAMARCA,JAEN,JAEN,CAJAMARCA,A
60802,CAJAMARCA,JAEN,BELLAVISTA,CAJAMARCA,A
60804,CAJAMARCA,JAEN,CHONTALI,CAJAMARCA,A
60803,CAJAMARCA,JAEN,COLASAY,CAJAMARCA,A
60812,CAJAMARCA,JAEN,HUABAL,CAJAMARCA,A
60811,CAJAMARCA,JAEN,LAS PIRIAS,CAJAMARCA,A
60805,CAJAMARCA,JAEN,POMAHUACA,CAJAMARCA,A
60806,CAJAMARCA,JAEN,PUCARA,CAJAMARCA,A
60807,CAJAMARCA,JAEN,SALLIQUE,CAJAMARCA,A
60808,CAJAMARCA,JAEN,SAN FELIPE,CAJAMARCA,A
60809,CAJAMARCA,JAEN,SAN JOSE DEL ALTO,CAJAMARCA,A
60810,CAJAMARCA,JAEN,SANTA ROSA,CAJAMARCA,A
61101,CAJAMARCA,SAN IGNACIO,SAN IGNACIO,CAJAMARCA,A
61102,CAJAMARCA,SAN IGNACIO,CHIRINOS,CAJAMARCA,A
61103,CAJAMARCA,SAN IGNACIO,HUARANGO,CAJAMARCA,A
61105,CAJAMARCA,SAN IGNACIO,LA COIPA,CAJAMARCA,A
61104,CAJAMARCA,SAN IGNACIO,NAMBALLE,CAJAMARCA,A
61106,CAJAMARCA,SAN IGNACIO,SAN JOSE DE LOURDES,CAJAMARCA,A
61107,CAJAMARCA,SAN IGNACIO,TABACONAS,CAJAMARCA,A
61201,CAJAMARCA,SAN MARCOS,PEDRO GALVEZ,CAJAMARCA,A
61207,CAJAMARCA,SAN MARCOS,CHANCAY,CAJAMARCA,A
61205,CAJAMARCA,SAN MARCOS,EDUARDO VILLANUEVA,CAJAMARCA,A
61203,CAJAMARCA,SAN MARCOS,GREGORIO PITA,CAJAMARCA,A
61202,CAJAMARCA,SAN MARCOS,ICHOCAN,CAJAMARCA,A
61204,CAJAMARCA,SAN MARCOS,JOSE MANUEL QUIROZ,CAJAMARCA,A
61206,CAJAMARCA,SAN MARCOS,JOSE SABOGAL,CAJAMARCA,A
61001,CAJAMARCA,SAN MIGUEL,SAN MIGUEL,CAJAMARCA,A
61013,CAJAMARCA,SAN MIGUEL,BOLIVAR,CAJAMARCA,A
61002,CAJAMARCA,SAN MIGUEL,CALQUIS,CAJAMARCA,A
61012,CAJAMARCA,SAN MIGUEL,CATILLUC,CAJAMARCA,A
61009,CAJAMARCA,SAN MIGUEL,EL PRADO,CAJAMARCA,A
61003,CAJAMARCA,SAN MIGUEL,LA FLORIDA,CAJAMARCA,A
61004,CAJAMARCA,SAN MIGUEL,LLAPA,CAJAMARCA,A
61005,CAJAMARCA,SAN MIGUEL,NANCHOC,CAJAMARCA,A
61006,CAJAMARCA,SAN MIGUEL,NIEPOS,CAJAMARCA,A
61007,CAJAMARCA,SAN MIGUEL,SAN GREGORIO,CAJAMARCA,A
61008,CAJAMARCA,SAN MIGUEL,SAN SILVESTRE DE COCHAN,CAJAMARCA,A
61011,CAJAMARCA,SAN MIGUEL,TONGOD,CAJAMARCA,A
61010,CAJAMARCA,SAN MIGUEL,UNION AGUA BLANCA,CAJAMARCA,A
61301,CAJAMARCA,SAN PABLO,SAN PABLO,CAJAMARCA,A
61302,CAJAMARCA,SAN PABLO,SAN BERNARDINO,CAJAMARCA,A
61303,CAJAMARCA,SAN PABLO,SAN LUIS,CAJAMARCA,A
61304,CAJAMARCA,SAN PABLO,TUMBADEN,CAJAMARCA,A
60901,CAJAMARCA,SANTA CRUZ,SANTA CRUZ,CAJAMARCA,A
60910,CAJAMARCA,SANTA CRUZ,ANDABAMBA,CAJAMARCA,A
60902,CAJAMARCA,SANTA CRUZ,CATACHE,CAJAMARCA,A
60903,CAJAMARCA,SANTA CRUZ,CHANCAYBAÑOS,CAJAMARCA,A
60904,CAJAMARCA,SANTA CRUZ,LA ESPERANZA,CAJAMARCA,A
60905,CAJAMARCA,SANTA CRUZ,NINABAMBA,CAJAMARCA,A
60906,CAJAMARCA,SANTA CRUZ,PULAN,CAJAMARCA,A
60911,CAJAMARCA,SANTA CRUZ,SAUCEPAMPA,CAJAMARCA,A
60907,CAJAMARCA,SANTA CRUZ,SEXI,CAJAMARCA,A
60908,CAJAMARCA,SANTA CRUZ,UTICYACU,CAJAMARCA,A
60909,CAJAMARCA,SANTA CRUZ,YAUYUCAN,CAJAMARCA,A
240101,CALLAO,CALLAO,CALLAO,CALLAO,A
240102,CALLAO,CALLAO,BELLAVISTA,CALLAO,A
240104,CALLAO,CALLAO,CARMEN DE LA LEGUA REYNOSO,CALLAO,A
240105,CALLAO,CALLAO,LA PERLA,CALLAO,A
240103,CALLAO,CALLAO,LA PUNTA,CALLAO,A
240106,CALLAO,CALLAO,VENTANILLA,CALLAO,A
240107,CALLAO,CALLAO,MI PERU,CALLAO,A
70101,CUSCO,CUSCO,CUSCO,CUSCO,A
70102,CUSCO,CUSCO,CCORCA,CUSCO,A
70103,CUSCO,CUSCO,POROY,CUSCO,A
70104,CUSCO,CUSCO,SAN JERONIMO,CUSCO,A
70105,CUSCO,CUSCO,SAN SEBASTIAN,CUSCO,A
70106,CUSCO,CUSCO,SANTIAGO,CUSCO,A
70107,CUSCO,CUSCO,SAYLLA,CUSCO,A
70108,CUSCO,CUSCO,WANCHAQ,CUSCO,A
70201,CUSCO,ACOMAYO,ACOMAYO,CUSCO,A
70202,CUSCO,ACOMAYO,ACOPIA,CUSCO,A
70203,CUSCO,ACOMAYO,ACOS,CUSCO,A
70207,CUSCO,ACOMAYO,MOSOC LLACTA,CUSCO,A
70204,CUSCO,ACOMAYO,POMACANCHI,CUSCO,A
70205,CUSCO,ACOMAYO,RONDOCAN,CUSCO,A
70206,CUSCO,ACOMAYO,SANGARARA,CUSCO,A
70301,CUSCO,ANTA,ANTA,CUSCO,A
70309,CUSCO,ANTA,ANCAHUASI,CUSCO,A
70308,CUSCO,ANTA,CACHIMAYO,CUSCO,A
70302,CUSCO,ANTA,CHINCHAYPUJIO,CUSCO,A
70303,CUSCO,ANTA,HUAROCONDO,CUSCO,A
70304,CUSCO,ANTA,LIMATAMBO,CUSCO,A
70305,CUSCO,ANTA,MOLLEPATA,CUSCO,A
70306,CUSCO,ANTA,PUCYURA,CUSCO,A
70307,CUSCO,ANTA,ZURITE,CUSCO,A
70401,CUSCO,CALCA,CALCA,CUSCO,A
70402,CUSCO,CALCA,COYA,CUSCO,A
70403,CUSCO,CALCA,LAMAY,CUSCO,A
70404,CUSCO,CALCA,LARES,CUSCO,A
70405,CUSCO,CALCA,PISAC,CUSCO,A
70406,CUSCO,CALCA,SAN SALVADOR,CUSCO,A
70407,CUSCO,CALCA,TARAY,CUSCO,A
70408,CUSCO,CALCA,YANATILE,CUSCO,A
70501,CUSCO,CANAS,YANAOCA,CUSCO,A
70502,CUSCO,CANAS,CHECCA,CUSCO,A
70503,CUSCO,CANAS,KUNTURKANKI,CUSCO,A
70504,CUSCO,CANAS,LANGUI,CUSCO,A
70505,CUSCO,CANAS,LAYO,CUSCO,A
70506,CUSCO,CANAS,PAMPAMARCA,CUSCO,A
70507,CUSCO,CANAS,QUEHUE,CUSCO,A
70508,CUSCO,CANAS,TUPAC AMARU,CUSCO,A
70601,CUSCO,CANCHIS,SICUANI,CUSCO,A
70603,CUSCO,CANCHIS,CHECACUPE,CUSCO,A
70602,CUSCO,CANCHIS,COMBAPATA,CUSCO,A
70604,CUSCO,CANCHIS,MARANGANI,CUSCO,A
70605,CUSCO,CANCHIS,PITUMARCA,CUSCO,A
70606,CUSCO,CANCHIS,SAN PABLO,CUSCO,A
70607,CUSCO,CANCHIS,SAN PEDRO,CUSCO,A
70608,CUSCO,CANCHIS,TINTA,CUSCO,A
70701,CUSCO,CHUMBIVILCAS,SANTO TOMAS,CUSCO,A
70702,CUSCO,CHUMBIVILCAS,CAPACMARCA,CUSCO,A
70704,CUSCO,CHUMBIVILCAS,CHAMACA,CUSCO,A
70703,CUSCO,CHUMBIVILCAS,COLQUEMARCA,CUSCO,A
70705,CUSCO,CHUMBIVILCAS,LIVITACA,CUSCO,A
70706,CUSCO,CHUMBIVILCAS,LLUSCO,CUSCO,A
70707,CUSCO,CHUMBIVILCAS,QUIÑOTA,CUSCO,A
70708,CUSCO,CHUMBIVILCAS,VELILLE,CUSCO,A
70801,CUSCO,ESPINAR,ESPINAR,CUSCO,A
70802,CUSCO,ESPINAR,CONDOROMA,CUSCO,A
70803,CUSCO,ESPINAR,COPORAQUE,CUSCO,A
70804,CUSCO,ESPINAR,OCORURO,CUSCO,A
70805,CUSCO,ESPINAR,PALLPATA,CUSCO,A
70806,CUSCO,ESPINAR,PICHIGUA,CUSCO,A
70807,CUSCO,ESPINAR,SUYCKUTAMBO,CUSCO,A
70808,CUSCO,ESPINAR,ALTO PICHIGUA,CUSCO,A
70901,CUSCO,LA CONVENCION,SANTA ANA,CUSCO,A
70902,CUSCO,LA CONVENCION,ECHARATE,CUSCO,A
70903,CUSCO,LA CONVENCION,HUAYOPATA,CUSCO,A
70904,CUSCO,LA CONVENCION,MARANURA,CUSCO,A
70905,CUSCO,LA CONVENCION,OCOBAMBA,CUSCO,A
70908,CUSCO,LA CONVENCION,QUELLOUNO,CUSCO,A
70909,CUSCO,LA CONVENCION,QUIMBIRI,CUSCO,A
70906,CUSCO,LA CONVENCION,SANTA TERESA,CUSCO,A
70907,CUSCO,LA CONVENCION,VILCABAMBA,CUSCO,A
70910,CUSCO,LA CONVENCION,PICHARI,CUSCO,A
70911,CUSCO,LA CONVENCION,INKAWASI,CUSCO,A
70912,CUSCO,LA CONVENCION,VILLA VIRGEN,CUSCO,A
70913,CUSCO,LA CONVENCION,VILLA KINTIARINA,CUSCO,A
70915,CUSCO,LA CONVENCION,MEGANTONI,CUSCO,A
71001,CUSCO,PARURO,PARURO,CUSCO,A
71002,CUSCO,PARURO,ACCHA,CUSCO,A
71003,CUSCO,PARURO,CCAPI,CUSCO,A
71004,CUSCO,PARURO,COLCHA,CUSCO,A
71005,CUSCO,PARURO,HUANOQUITE,CUSCO,A
71006,CUSCO,PARURO,OMACHA,CUSCO,A
71008,CUSCO,PARURO,PACCARITAMBO,CUSCO,A
71009,CUSCO,PARURO,PILLPINTO,CUSCO,A
71007,CUSCO,PARURO,YAURISQUE,CUSCO,A
71101,CUSCO,PAUCARTAMBO,PAUCARTAMBO,CUSCO,A
71102,CUSCO,PAUCARTAMBO,CAICAY,CUSCO,A
71104,CUSCO,PAUCARTAMBO,CHALLABAMBA,CUSCO,A
71103,CUSCO,PAUCARTAMBO,COLQUEPATA,CUSCO,A
71106,CUSCO,PAUCARTAMBO,HUANCARANI,CUSCO,A
71105,CUSCO,PAUCARTAMBO,KOSÑIPATA,CUSCO,A
71201,CUSCO,QUISPICANCHI,URCOS,CUSCO,A
71202,CUSCO,QUISPICANCHI,ANDAHUAYLILLAS,CUSCO,A
71203,CUSCO,QUISPICANCHI,CAMANTI,CUSCO,A
71204,CUSCO,QUISPICANCHI,CCARHUAYO,CUSCO,A
71205,CUSCO,QUISPICANCHI,CCATCA,CUSCO,A
71206,CUSCO,QUISPICANCHI,CUSIPATA,CUSCO,A
71207,CUSCO,QUISPICANCHI,HUARO,CUSCO,A
71208,CUSCO,QUISPICANCHI,LUCRE,CUSCO,A
71209,CUSCO,QUISPICANCHI,MARCAPATA,CUSCO,A
71210,CUSCO,QUISPICANCHI,OCONGATE,CUSCO,A
71211,CUSCO,QUISPICANCHI,OROPESA,CUSCO,A
71212,CUSCO,QUISPICANCHI,QUIQUIJANA,CUSCO,A
71301,CUSCO,URUBAMBA,URUBAMBA,CUSCO,A
71302,CUSCO,URUBAMBA,CHINCHERO,CUSCO,A
71303,CUSCO,URUBAMBA,HUAYLLABAMBA,CUSCO,A
71304,CUSCO,URUBAMBA,MACHUPICCHU,CUSCO,A
71305,CUSCO,URUBAMBA,MARAS,CUSCO,A
71306,CUSCO,URUBAMBA,OLLANTAYTAMBO,CUSCO,A
71307,CUSCO,URUBAMBA,YUCAY,CUSCO,A
80101,HUANCAVELICA,HUANCAVELICA,HUANCAVELICA,HUANCAVELICA,A
80102,HUANCAVELICA,HUANCAVELICA,ACOBAMBILLA,HUANCAVELICA,A
80103,HUANCAVELICA,HUANCAVELICA,ACORIA,HUANCAVELICA,A
80104,HUANCAVELICA,HUANCAVELICA,CONAYCA,HUANCAVELICA,A
80105,HUANCAVELICA,HUANCAVELICA,CUENCA,HUANCAVELICA,A
80106,HUANCAVELICA,HUANCAVELICA,HUACHOCOLPA,HUANCAVELICA,A
80108,HUANCAVELICA,HUANCAVELICA,HUAYLLAHUARA,HUANCAVELICA,A
80109,HUANCAVELICA,HUANCAVELICA,IZCUCHACA,HUANCAVELICA,A
80110,HUANCAVELICA,HUANCAVELICA,LARIA,HUANCAVELICA,A
80111,HUANCAVELICA,HUANCAVELICA,MANTA,HUANCAVELICA,A
80112,HUANCAVELICA,HUANCAVELICA,MARISCAL CACERES,HUANCAVELICA,A
80113,HUANCAVELICA,HUANCAVELICA,MOYA,HUANCAVELICA,A
80114,HUANCAVELICA,HUANCAVELICA,NUEVO OCCORO,HUANCAVELICA,A
80115,HUANCAVELICA,HUANCAVELICA,PALCA,HUANCAVELICA,A
80116,HUANCAVELICA,HUANCAVELICA,PILCHACA,HUANCAVELICA,A
80117,HUANCAVELICA,HUANCAVELICA,VILCA,HUANCAVELICA,A
80118,HUANCAVELICA,HUANCAVELICA,YAULI,HUANCAVELICA,A
80119,HUANCAVELICA,HUANCAVELICA,ASCENSION,HUANCAVELICA,A
80120,HUANCAVELICA,HUANCAVELICA,HUANDO,HUANCAVELICA,A
80201,HUANCAVELICA,ACOBAMBA,ACOBAMBA,HUANCAVELICA,A
80203,HUANCAVELICA,ACOBAMBA,ANDABAMBA,HUANCAVELICA,A
80202,HUANCAVELICA,ACOBAMBA,ANTA,HUANCAVELICA,A
80204,HUANCAVELICA,ACOBAMBA,CAJA,HUANCAVELICA,A
80205,HUANCAVELICA,ACOBAMBA,MARCAS,HUANCAVELICA,A
80206,HUANCAVELICA,ACOBAMBA,PAUCARA,HUANCAVELICA,A
80207,HUANCAVELICA,ACOBAMBA,POMACOCHA,HUANCAVELICA,A
80208,HUANCAVELICA,ACOBAMBA,ROSARIO,HUANCAVELICA,A
80301,HUANCAVELICA,ANGARAES,LIRCAY,HUANCAVELICA,A
80302,HUANCAVELICA,ANGARAES,ANCHONGA,HUANCAVELICA,A
80303,HUANCAVELICA,ANGARAES,CALLANMARCA,HUANCAVELICA,A
80312,HUANCAVELICA,ANGARAES,CCOCHACCASA,HUANCAVELICA,A
80305,HUANCAVELICA,ANGARAES,CHINCHO,HUANCAVELICA,A
80304,HUANCAVELICA,ANGARAES,CONGALLA,HUANCAVELICA,A
80307,HUANCAVELICA,ANGARAES,HUANCA-HUANCA,HUANCAVELICA,A
80306,HUANCAVELICA,ANGARAES,HUAYLLAY GRANDE,HUANCAVELICA,A
80308,HUANCAVELICA,ANGARAES,JULCAMARCA,HUANCAVELICA,A
80309,HUANCAVELICA,ANGARAES,SAN ANTONIO DE ANTAPARCO,HUANCAVELICA,A
80310,HUANCAVELICA,ANGARAES,SANTO TOMAS DE PATA,HUANCAVELICA,A
80311,HUANCAVELICA,ANGARAES,SECCLLA,HUANCAVELICA,A
80401,HUANCAVELICA,CASTROVIRREYNA,CASTROVIRREYNA,HUANCAVELICA,A
80402,HUANCAVELICA,CASTROVIRREYNA,ARMA,HUANCAVELICA,A
80403,HUANCAVELICA,CASTROVIRREYNA,AURAHUA,HUANCAVELICA,A
80405,HUANCAVELICA,CASTROVIRREYNA,CAPILLAS,HUANCAVELICA,A
80408,HUANCAVELICA,CASTROVIRREYNA,CHUPAMARCA,HUANCAVELICA,A
80406,HUANCAVELICA,CASTROVIRREYNA,COCAS,HUANCAVELICA,A
80409,HUANCAVELICA,CASTROVIRREYNA,HUACHOS,HUANCAVELICA,A
80410,HUANCAVELICA,CASTROVIRREYNA,HUAMATAMBO,HUANCAVELICA,A
80414,HUANCAVELICA,CASTROVIRREYNA,MOLLEPAMPA,HUANCAVELICA,A
80422,HUANCAVELICA,CASTROVIRREYNA,SAN JUAN,HUANCAVELICA,A
80429,HUANCAVELICA,CASTROVIRREYNA,SANTA ANA,HUANCAVELICA,A
80427,HUANCAVELICA,CASTROVIRREYNA,TANTARA,HUANCAVELICA,A
80428,HUANCAVELICA,CASTROVIRREYNA,TICRAPO,HUANCAVELICA,A
80701,HUANCAVELICA,CHURCAMPA,CHURCAMPA,HUANCAVELICA,A
80702,HUANCAVELICA,CHURCAMPA,ANCO,HUANCAVELICA,A
80703,HUANCAVELICA,CHURCAMPA,CHINCHIHUASI,HUANCAVELICA,A
80704,HUANCAVELICA,CHURCAMPA,EL CARMEN,HUANCAVELICA,A
80705,HUANCAVELICA,CHURCAMPA,LA MERCED,HUANCAVELICA,A
80706,HUANCAVELICA,CHURCAMPA,LOCROJA,HUANCAVELICA,A
80707,HUANCAVELICA,CHURCAMPA,PAUCARBAMBA,HUANCAVELICA,A
80708,HUANCAVELICA,CHURCAMPA,SAN MIGUEL DE MAYOCC,HUANCAVELICA,A
80709,HUANCAVELICA,CHURCAMPA,SAN PEDRO DE CORIS,HUANCAVELICA,A
80710,HUANCAVELICA,CHURCAMPA,PACHAMARCA,HUANCAVELICA,A
80711,HUANCAVELICA,CHURCAMPA,COSME,HUANCAVELICA,A
80604,HUANCAVELICA,HUAYTARA,HUAYTARA,HUANCAVELICA,A
80601,HUANCAVELICA,HUAYTARA,AYAVI,HUANCAVELICA,A
80602,HUANCAVELICA,HUAYTARA,CORDOVA,HUANCAVELICA,A
80603,HUANCAVELICA,HUAYTARA,HUAYACUNDO ARMA,HUANCAVELICA,A
80605,HUANCAVELICA,HUAYTARA,LARAMARCA,HUANCAVELICA,A
80606,HUANCAVELICA,HUAYTARA,OCOYO,HUANCAVELICA,A
80607,HUANCAVELICA,HUAYTARA,PILPICHACA,HUANCAVELICA,A
80608,HUANCAVELICA,HUAYTARA,QUERCO,HUANCAVELICA,A
80609,HUANCAVELICA,HUAYTARA,QUITO-ARMA,HUANCAVELICA,A
80610,HUANCAVELICA,HUAYTARA,SAN ANTONIO DE CUSICANCHA,HUANCAVELICA,A
80611,HUANCAVELICA,HUAYTARA,SAN FRANCISCO DE SANGAYAICO,HUANCAVELICA,A
80612,HUANCAVELICA,HUAYTARA,SAN ISIDRO,HUANCAVELICA,A
80613,HUANCAVELICA,HUAYTARA,SANTIAGO DE CHOCORVOS,HUANCAVELICA,A
80614,HUANCAVELICA,HUAYTARA,SANTIAGO DE QUIRAHUARA,HUANCAVELICA,A
80615,HUANCAVELICA,HUAYTARA,SANTO DOMINGO DE CAPILLAS,HUANCAVELICA,A
80616,HUANCAVELICA,HUAYTARA,TAMBO,HUANCAVELICA,A
80501,HUANCAVELICA,TAYACAJA,PAMPAS,HUANCAVELICA,A
80502,HUANCAVELICA,TAYACAJA,ACOSTAMBO,HUANCAVELICA,A
80503,HUANCAVELICA,TAYACAJA,ACRAQUIA,HUANCAVELICA,A
80504,HUANCAVELICA,TAYACAJA,AHUAYCHA,HUANCAVELICA,A
80506,HUANCAVELICA,TAYACAJA,COLCABAMBA,HUANCAVELICA,A
80509,HUANCAVELICA,TAYACAJA,DANIEL HERNANDEZ,HUANCAVELICA,A
80511,HUANCAVELICA,TAYACAJA,HUACHOCOLPA,HUANCAVELICA,A
80512,HUANCAVELICA,TAYACAJA,HUARIBAMBA,HUANCAVELICA,A
80515,HUANCAVELICA,TAYACAJA,ÑAHUIMPUQUIO,HUANCAVELICA,A
80517,HUANCAVELICA,TAYACAJA,PAZOS,HUANCAVELICA,A
80518,HUANCAVELICA,TAYACAJA,QUISHUAR,HUANCAVELICA,A
80519,HUANCAVELICA,TAYACAJA,SALCABAMBA,HUANCAVELICA,A
80526,HUANCAVELICA,TAYACAJA,SALCAHUASI,HUANCAVELICA,A
80520,HUANCAVELICA,TAYACAJA,SAN MARCOS DE ROCCHAC,HUANCAVELICA,A
80523,HUANCAVELICA,TAYACAJA,SURCUBAMBA,HUANCAVELICA,A
80525,HUANCAVELICA,TAYACAJA,TINTAY PUNCU,HUANCAVELICA,A
80528,HUANCAVELICA,TAYACAJA,QUICHUAS,HUANCAVELICA,A
80529,HUANCAVELICA,TAYACAJA,ANDAYMARCA,HUANCAVELICA,A
80530,HUANCAVELICA,TAYACAJA,ROBLE,HUANCAVELICA,A
80531,HUANCAVELICA,TAYACAJA,PICHOS,HUANCAVELICA,A
80532,HUANCAVELICA,TAYACAJA,SANTIAGO DE TUCUMA,HUANCAVELICA,A
90101,HUANUCO,HUANUCO,HUANUCO,HUANUCO,A
90110,HUANUCO,HUANUCO,AMARILIS,HUANUCO,A
90102,HUANUCO,HUANUCO,CHINCHAO,HUANUCO,A
90103,HUANUCO,HUANUCO,CHURUBAMBA,HUANUCO,A
90104,HUANUCO,HUANUCO,MARGOS,HUANUCO,A
90105,HUANUCO,HUANUCO,QUISQUI,HUANUCO,A
90106,HUANUCO,HUANUCO,SAN FRANCISCO DE CAYRAN,HUANUCO,A
90107,HUANUCO,HUANUCO,SAN PEDRO DE CHAULAN,HUANUCO,A
90108,HUANUCO,HUANUCO,SANTA MARIA DEL VALLE,HUANUCO,A
90109,HUANUCO,HUANUCO,YARUMAYO,HUANUCO,A
90111,HUANUCO,HUANUCO,PILLCO MARCA,HUANUCO,A
90112,HUANUCO,HUANUCO,YACUS,HUANUCO,A
90113,HUANUCO,HUANUCO,SAN PABLO DE PILLAO,HUANUCO,A
90201,HUANUCO,AMBO,AMBO,HUANUCO,A
90202,HUANUCO,AMBO,CAYNA,HUANUCO,A
90203,HUANUCO,AMBO,COLPAS,HUANUCO,A
90204,HUANUCO,AMBO,CONCHAMARCA,HUANUCO,A
90205,HUANUCO,AMBO,HUACAR,HUANUCO,A
90206,HUANUCO,AMBO,SAN FRANCISCO,HUANUCO,A
90207,HUANUCO,AMBO,SAN RAFAEL,HUANUCO,A
90208,HUANUCO,AMBO,TOMAY KICHWA,HUANUCO,A
90301,HUANUCO,DOS DE MAYO,LA UNION,HUANUCO,A
90307,HUANUCO,DOS DE MAYO,CHUQUIS,HUANUCO,A
90312,HUANUCO,DOS DE MAYO,MARIAS,HUANUCO,A
90314,HUANUCO,DOS DE MAYO,PACHAS,HUANUCO,A
90316,HUANUCO,DOS DE MAYO,QUIVILLA,HUANUCO,A
90317,HUANUCO,DOS DE MAYO,RIPAN,HUANUCO,A
90321,HUANUCO,DOS DE MAYO,SHUNQUI,HUANUCO,A
90322,HUANUCO,DOS DE MAYO,SILLAPATA,HUANUCO,A
90323,HUANUCO,DOS DE MAYO,YANAS,HUANUCO,A
90901,HUANUCO,HUACAYBAMBA,HUACAYBAMBA,HUANUCO,A
90903,HUANUCO,HUACAYBAMBA,CANCHABAMBA,HUANUCO,A
90904,HUANUCO,HUACAYBAMBA,COCHABAMBA,HUANUCO,A
90902,HUANUCO,HUACAYBAMBA,PINRA,HUANUCO,A
90401,HUANUCO,HUAMALIES,LLATA,HUANUCO,A
90402,HUANUCO,HUAMALIES,ARANCAY,HUANUCO,A
90403,HUANUCO,HUAMALIES,CHAVIN DE PARIARCA,HUANUCO,A
90404,HUANUCO,HUAMALIES,JACAS GRANDE,HUANUCO,A
90405,HUANUCO,HUAMALIES,JIRCAN,HUANUCO,A
90406,HUANUCO,HUAMALIES,MIRAFLORES,HUANUCO,A
90407,HUANUCO,HUAMALIES,MONZON,HUANUCO,A
90408,HUANUCO,HUAMALIES,PUNCHAO,HUANUCO,A
90409,HUANUCO,HUAMALIES,PUÑOS,HUANUCO,A
90410,HUANUCO,HUAMALIES,SINGA,HUANUCO,A
90411,HUANUCO,HUAMALIES,TANTAMAYO,HUANUCO,A
90601,HUANUCO,LEONCIO PRADO,RUPA-RUPA,HUANUCO,A
90602,HUANUCO,LEONCIO PRADO,DANIEL ALOMIAS ROBLES,HUANUCO,A
90603,HUANUCO,LEONCIO PRADO,HERMILIO VALDIZAN,HUANUCO,A
90606,HUANUCO,LEONCIO PRADO,JOSE CRESPO Y CASTILLO,HUANUCO,A
90604,HUANUCO,LEONCIO PRADO,LUYANDO,HUANUCO,A
90605,HUANUCO,LEONCIO PRADO,MARIANO DAMASO BERAUN,HUANUCO,A
90607,HUANUCO,LEONCIO PRADO,PUCAYACU,HUANUCO,A
90608,HUANUCO,LEONCIO PRADO,CASTILLO GRANDE,HUANUCO,A
90609,HUANUCO,LEONCIO PRADO,PUEBLO NUEVO,HUANUCO,A
90610,HUANUCO,LEONCIO PRADO,SANTO DOMINGO DE ANDA,HUANUCO,A
90501,HUANUCO,MARAÑON,HUACRACHUCO,HUANUCO,A
90502,HUANUCO,MARAÑON,CHOLON,HUANUCO,A
90505,HUANUCO,MARAÑON,SAN BUENAVENTURA,HUANUCO,A
90506,HUANUCO,MARAÑON,LA MORADA,HUANUCO,A
90507,HUANUCO,MARAÑON,SANTA ROSA DE ALTO YANAJANCA,HUANUCO,A
90701,HUANUCO,PACHITEA,PANAO,HUANUCO,A
90702,HUANUCO,PACHITEA,CHAGLLA,HUANUCO,A
90704,HUANUCO,PACHITEA,MOLINO,HUANUCO,A
90706,HUANUCO,PACHITEA,UMARI,HUANUCO,A
90802,HUANUCO,PUERTO INCA,PUERTO INCA,HUANUCO,A
90803,HUANUCO,PUERTO INCA,CODO DEL POZUZO,HUANUCO,A
90801,HUANUCO,PUERTO INCA,HONORIA,HUANUCO,A
90804,HUANUCO,PUERTO INCA,TOURNAVISTA,HUANUCO,A
90805,HUANUCO,PUERTO INCA,YUYAPICHIS,HUANUCO,A
91001,HUANUCO,LAURICOCHA,JESUS,HUANUCO,A
91002,HUANUCO,LAURICOCHA,BAÑOS,HUANUCO,A
91007,HUANUCO,LAURICOCHA,JIVIA,HUANUCO,A
91004,HUANUCO,LAURICOCHA,QUEROPALCA,HUANUCO,A
91006,HUANUCO,LAURICOCHA,RONDOS,HUANUCO,A
91003,HUANUCO,LAURICOCHA,SAN FRANCISCO DE ASIS,HUANUCO,A
91005,HUANUCO,LAURICOCHA,SAN MIGUEL DE CAURI,HUANUCO,A
91101,HUANUCO,YAROWILCA,CHAVINILLO,HUANUCO,A
91103,HUANUCO,YAROWILCA,CAHUAC,HUANUCO,A
91104,HUANUCO,YAROWILCA,CHACABAMBA,HUANUCO,A
91102,HUANUCO,YAROWILCA,APARICIO POMARES,HUANUCO,A
91105,HUANUCO,YAROWILCA,JACAS CHICO,HUANUCO,A
91106,HUANUCO,YAROWILCA,OBAS,HUANUCO,A
91107,HUANUCO,YAROWILCA,PAMPAMARCA,HUANUCO,A
91108,HUANUCO,YAROWILCA,CHORAS,HUANUCO,A
100101,ICA,ICA,ICA,ICA,A
100102,ICA,ICA,LA TINGUIÑA,ICA,A
100103,ICA,ICA,LOS AQUIJES,ICA,A
100114,ICA,ICA,OCUCAJE,ICA,A
100113,ICA,ICA,PACHACUTEC,ICA,A
100104,ICA,ICA,PARCONA,ICA,A
100105,ICA,ICA,PUEBLO NUEVO,ICA,A
100106,ICA,ICA,SALAS,ICA,A
100107,ICA,ICA,SAN JOSE DE LOS MOLINOS,ICA,A
100108,ICA,ICA,SAN JUAN BAUTISTA,ICA,A
100109,ICA,ICA,SANTIAGO,ICA,A
100110,ICA,ICA,SUBTANJALLA,ICA,A
100112,ICA,ICA,TATE,ICA,A
100111,ICA,ICA,YAUCA DEL ROSARIO,ICA,A
100201,ICA,CHINCHA,CHINCHA ALTA,ICA,A
100209,ICA,CHINCHA,ALTO LARAN,ICA,A
100202,ICA,CHINCHA,CHAVIN,ICA,A
100203,ICA,CHINCHA,CHINCHA BAJA,ICA,A
100204,ICA,CHINCHA,EL CARMEN,ICA,A
100205,ICA,CHINCHA,GROCIO PRADO,ICA,A
100210,ICA,CHINCHA,PUEBLO NUEVO,ICA,A
100211,ICA,CHINCHA,SAN JUAN DE YANAC,ICA,A
100206,ICA,CHINCHA,SAN PEDRO DE HUACARPANA,ICA,A
100207,ICA,CHINCHA,SUNAMPE,ICA,A
100208,ICA,CHINCHA,TAMBO DE MORA,ICA,A
100301,ICA,NAZCA,NAZCA,ICA,A
100302,ICA,NAZCA,CHANGUILLO,ICA,A
100303,ICA,NAZCA,EL INGENIO,ICA,A
100304,ICA,NAZCA,MARCONA,ICA,A
100305,ICA,NAZCA,VISTA ALEGRE,ICA,A
100501,ICA,PALPA,PALPA,ICA,A
100502,ICA,PALPA,LLIPATA,ICA,A
100503,ICA,PALPA,RIO GRANDE,ICA,A
100504,ICA,PALPA,SANTA CRUZ,ICA,A
100505,ICA,PALPA,TIBILLO,ICA,A
100401,ICA,PISCO,PISCO,ICA,A
100402,ICA,PISCO,HUANCANO,ICA,A
100403,ICA,PISCO,HUMAY,ICA,A
100404,ICA,PISCO,INDEPENDENCIA,ICA,A
100405,ICA,PISCO,PARACAS,ICA,A
100406,ICA,PISCO,SAN ANDRES,ICA,A
100407,ICA,PISCO,SAN CLEMENTE,ICA,A
100408,ICA,PISCO,TUPAC AMARU INCA,ICA,A
110101,JUNIN,HUANCAYO,HUANCAYO,JUNIN,A
110103,JUNIN,HUANCAYO,CARHUACALLANGA,JUNIN,A
110106,JUNIN,HUANCAYO,CHACAPAMPA,JUNIN,A
110107,JUNIN,HUANCAYO,CHICCHE,JUNIN,A
110108,JUNIN,HUANCAYO,CHILCA,JUNIN,A
110109,JUNIN,HUANCAYO,CHONGOS ALTO,JUNIN,A
110112,JUNIN,HUANCAYO,CHUPURO,JUNIN,A
110104,JUNIN,HUANCAYO,COLCA,JUNIN,A
110105,JUNIN,HUANCAYO,CULLHUAS,JUNIN,A
110113,JUNIN,HUANCAYO,EL TAMBO,JUNIN,A
110114,JUNIN,HUANCAYO,HUACRAPUQUIO,JUNIN,A
110116,JUNIN,HUANCAYO,HUALHUAS,JUNIN,A
110118,JUNIN,HUANCAYO,HUANCAN,JUNIN,A
110119,JUNIN,HUANCAYO,HUASICANCHA,JUNIN,A
110120,JUNIN,HUANCAYO,HUAYUCACHI,JUNIN,A
110121,JUNIN,HUANCAYO,INGENIO,JUNIN,A
110122,JUNIN,HUANCAYO,PARIAHUANCA,JUNIN,A
110123,JUNIN,HUANCAYO,PILCOMAYO,JUNIN,A
110124,JUNIN,HUANCAYO,PUCARA,JUNIN,A
110125,JUNIN,HUANCAYO,QUICHUAY,JUNIN,A
110126,JUNIN,HUANCAYO,QUILCAS,JUNIN,A
110127,JUNIN,HUANCAYO,SAN AGUSTIN,JUNIN,A
110128,JUNIN,HUANCAYO,SAN JERONIMO DE TUNAN,JUNIN,A
110132,JUNIN,HUANCAYO,SAÑO,JUNIN,A
110133,JUNIN,HUANCAYO,SAPALLANGA,JUNIN,A
110134,JUNIN,HUANCAYO,SICAYA,JUNIN,A
110131,JUNIN,HUANCAYO,SANTO DOMINGO DE ACOBAMBA,JUNIN,A
110136,JUNIN,HUANCAYO,VIQUES,JUNIN,A
110201,JUNIN,CONCEPCION,CONCEPCION,JUNIN,A
110202,JUNIN,CONCEPCION,ACO,JUNIN,A
110203,JUNIN,CONCEPCION,ANDAMARCA,JUNIN,A
110206,JUNIN,CONCEPCION,CHAMBARA,JUNIN,A
110205,JUNIN,CONCEPCION,COCHAS,JUNIN,A
110204,JUNIN,CONCEPCION,COMAS,JUNIN,A
110207,JUNIN,CONCEPCION,HEROINAS TOLEDO,JUNIN,A
110208,JUNIN,CONCEPCION,MANZANARES,JUNIN,A
110209,JUNIN,CONCEPCION,MARISCAL CASTILLA,JUNIN,A
110210,JUNIN,CONCEPCION,MATAHUASI,JUNIN,A
110211,JUNIN,CONCEPCION,MITO,JUNIN,A
110212,JUNIN,CONCEPCION,NUEVE DE JULIO,JUNIN,A
110213,JUNIN,CONCEPCION,ORCOTUNA,JUNIN,A
110215,JUNIN,CONCEPCION,SAN JOSE DE QUERO,JUNIN,A
110214,JUNIN,CONCEPCION,SANTA ROSA DE OCOPA,JUNIN,A
110801,JUNIN,CHANCHAMAYO,CHANCHAMAYO,JUNIN,A
110806,JUNIN,CHANCHAMAYO,PERENE,JUNIN,A
110805,JUNIN,CHANCHAMAYO,PICHANAQUI,JUNIN,A
110804,JUNIN,CHANCHAMAYO,SAN LUIS DE SHUARO,JUNIN,A
110802,JUNIN,CHANCHAMAYO,SAN RAMON,JUNIN,A
110803,JUNIN,CHANCHAMAYO,VITOC,JUNIN,A
110301,JUNIN,JAUJA,JAUJA,JUNIN,A
110302,JUNIN,JAUJA,ACOLLA,JUNIN,A
110303,JUNIN,JAUJA,APATA,JUNIN,A
110304,JUNIN,JAUJA,ATAURA,JUNIN,A
110305,JUNIN,JAUJA,CANCHAYLLO,JUNIN,A
110331,JUNIN,JAUJA,CURICACA,JUNIN,A
110306,JUNIN,JAUJA,EL MANTARO,JUNIN,A
110307,JUNIN,JAUJA,HUAMALI,JUNIN,A
110308,JUNIN,JAUJA,HUARIPAMPA,JUNIN,A
110309,JUNIN,JAUJA,HUERTAS,JUNIN,A
110310,JUNIN,JAUJA,JANJAILLO,JUNIN,A
110311,JUNIN,JAUJA,JULCAN,JUNIN,A
110312,JUNIN,JAUJA,LEONOR ORDOÑEZ,JUNIN,A
110313,JUNIN,JAUJA,LLOCLLAPAMPA,JUNIN,A
110314,JUNIN,JAUJA,MARCO,JUNIN,A
110315,JUNIN,JAUJA,MASMA,JUNIN,A
110332,JUNIN,JAUJA,MASMA CHICCHE,JUNIN,A
110316,JUNIN,JAUJA,MOLINOS,JUNIN,A
110317,JUNIN,JAUJA,MONOBAMBA,JUNIN,A
110318,JUNIN,JAUJA,MUQUI,JUNIN,A
110319,JUNIN,JAUJA,MUQUIYAUYO,JUNIN,A
110320,JUNIN,JAUJA,PACA,JUNIN,A
110321,JUNIN,JAUJA,PACCHA,JUNIN,A
110322,JUNIN,JAUJA,PANCAN,JUNIN,A
110323,JUNIN,JAUJA,PARCO,JUNIN,A
110324,JUNIN,JAUJA,POMACANCHA,JUNIN,A
110325,JUNIN,JAUJA,RICRAN,JUNIN,A
110326,JUNIN,JAUJA,SAN LORENZO,JUNIN,A
110327,JUNIN,JAUJA,SAN PEDRO DE CHUNAN,JUNIN,A
110333,JUNIN,JAUJA,SAUSA,JUNIN,A
110328,JUNIN,JAUJA,SINCOS,JUNIN,A
110329,JUNIN,JAUJA,TUNAN MARCA,JUNIN,A
110330,JUNIN,JAUJA,YAULI,JUNIN,A
110334,JUNIN,JAUJA,YAUYOS,JUNIN,A
110401,JUNIN,JUNIN,JUNIN,JUNIN,A
110402,JUNIN,JUNIN,CARHUAMAYO,JUNIN,A
110403,JUNIN,JUNIN,ONDORES,JUNIN,A
110404,JUNIN,JUNIN,ULCUMAYO,JUNIN,A
110701,JUNIN,SATIPO,SATIPO,JUNIN,A
110702,JUNIN,SATIPO,COVIRIALI,JUNIN,A
110703,JUNIN,SATIPO,LLAYLLA,JUNIN,A
110704,JUNIN,SATIPO,MAZAMARI,JUNIN,A
110705,JUNIN,SATIPO,PAMPA HERMOSA,JUNIN,A
110706,JUNIN,SATIPO,PANGOA,JUNIN,A
110707,JUNIN,SATIPO,RIO NEGRO,JUNIN,A
110708,JUNIN,SATIPO,RIO TAMBO,JUNIN,A
110709,JUNIN,SATIPO,VIZCATAN DEL ENE,JUNIN,A
110501,JUNIN,TARMA,TARMA,JUNIN,A
110502,JUNIN,TARMA,ACOBAMBA,JUNIN,A
110503,JUNIN,TARMA,HUARICOLCA,JUNIN,A
110504,JUNIN,TARMA,HUASAHUASI,JUNIN,A
110505,JUNIN,TARMA,LA UNION,JUNIN,A
110506,JUNIN,TARMA,PALCA,JUNIN,A
110507,JUNIN,TARMA,PALCAMAYO,JUNIN,A
110508,JUNIN,TARMA,SAN PEDRO DE CAJAS,JUNIN,A
110509,JUNIN,TARMA,TAPO,JUNIN,A
110601,JUNIN,YAULI,LA OROYA,JUNIN,A
110602,JUNIN,YAULI,CHACAPALPA,JUNIN,A
110603,JUNIN,YAULI,HUAY-HUAY,JUNIN,A
110604,JUNIN,YAULI,MARCAPOMACOCHA,JUNIN,A
110605,JUNIN,YAULI,MOROCOCHA,JUNIN,A
110606,JUNIN,YAULI,PACCHA,JUNIN,A
110607,JUNIN,YAULI,SANTA BARBARA DE CARHUACAYAN,JUNIN,A
110610,JUNIN,YAULI,SANTA ROSA DE SACCO,JUNIN,A
110608,JUNIN,YAULI,SUITUCANCHA,JUNIN,A
110609,JUNIN,YAULI,YAULI,JUNIN,A
110901,JUNIN,CHUPACA,CHUPACA,JUNIN,A
110902,JUNIN,CHUPACA,AHUAC,JUNIN,A
110903,JUNIN,CHUPACA,CHONGOS BAJO,JUNIN,A
110904,JUNIN,CHUPACA,HUACHAC,JUNIN,A
110905,JUNIN,CHUPACA,HUAMANCACA CHICO,JUNIN,A
110906,JUNIN,CHUPACA,SAN JUAN DE YSCOS,JUNIN,A
110907,JUNIN,CHUPACA,SAN JUAN DE JARPA,JUNIN,A
110908,JUNIN,CHUPACA,TRES DE DICIEMBRE,JUNIN,A
110909,JUNIN,CHUPACA,YANACANCHA,JUNIN,A
120101,LA LIBERTAD,TRUJILLO,TRUJILLO,LA LIBERTAD,A
120110,LA LIBERTAD,TRUJILLO,EL PORVENIR,LA LIBERTAD,A
120112,LA LIBERTAD,TRUJILLO,FLORENCIA DE MORA,LA LIBERTAD,A
120102,LA LIBERTAD,TRUJILLO,HUANCHACO,LA LIBERTAD,A
120111,LA LIBERTAD,TRUJILLO,LA ESPERANZA,LA LIBERTAD,A
120103,LA LIBERTAD,TRUJILLO,LAREDO,LA LIBERTAD,A
120104,LA LIBERTAD,TRUJILLO,MOCHE,LA LIBERTAD,A
120109,LA LIBERTAD,TRUJILLO,POROTO,LA LIBERTAD,A
120105,LA LIBERTAD,TRUJILLO,SALAVERRY,LA LIBERTAD,A
120106,LA LIBERTAD,TRUJILLO,SIMBAL,LA LIBERTAD,A
120107,LA LIBERTAD,TRUJILLO,VICTOR LARCO HERRERA,LA LIBERTAD,A
120801,LA LIBERTAD,ASCOPE,ASCOPE,LA LIBERTAD,A
120802,LA LIBERTAD,ASCOPE,CHICAMA,LA LIBERTAD,A
120803,LA LIBERTAD,ASCOPE,CHOCOPE,LA LIBERTAD,A
120805,LA LIBERTAD,ASCOPE,MAGDALENA DE CAO,LA LIBERTAD,A
120806,LA LIBERTAD,ASCOPE,PAIJAN,LA LIBERTAD,A
120807,LA LIBERTAD,ASCOPE,RAZURI,LA LIBERTAD,A
120804,LA LIBERTAD,ASCOPE,SANTIAGO DE CAO,LA LIBERTAD,A
120808,LA LIBERTAD,ASCOPE,CASA GRANDE,LA LIBERTAD,A
120201,LA LIBERTAD,BOLIVAR,BOLIVAR,LA LIBERTAD,A
120202,LA LIBERTAD,BOLIVAR,BAMBAMARCA,LA LIBERTAD,A
120203,LA LIBERTAD,BOLIVAR,CONDORMARCA,LA LIBERTAD,A
120204,LA LIBERTAD,BOLIVAR,LONGOTEA,LA LIBERTAD,A
120206,LA LIBERTAD,BOLIVAR,UCHUMARCA,LA LIBERTAD,A
120205,LA LIBERTAD,BOLIVAR,UCUNCHA,LA LIBERTAD,A
120901,LA LIBERTAD,CHEPEN,CHEPEN,LA LIBERTAD,A
120902,LA LIBERTAD,CHEPEN,PACANGA,LA LIBERTAD,A
120903,LA LIBERTAD,CHEPEN,PUEBLO NUEVO,LA LIBERTAD,A
121001,LA LIBERTAD,JULCAN,JULCAN,LA LIBERTAD,A
121003,LA LIBERTAD,JULCAN,CALAMARCA,LA LIBERTAD,A
121002,LA LIBERTAD,JULCAN,CARABAMBA,LA LIBERTAD,A
121004,LA LIBERTAD,JULCAN,HUASO,LA LIBERTAD,A
120401,LA LIBERTAD,OTUZCO,OTUZCO,LA LIBERTAD,A
120402,LA LIBERTAD,OTUZCO,AGALLPAMPA,LA LIBERTAD,A
120403,LA LIBERTAD,OTUZCO,CHARAT,LA LIBERTAD,A
120404,LA LIBERTAD,OTUZCO,HUARANCHAL,LA LIBERTAD,A
120405,LA LIBERTAD,OTUZCO,LA CUESTA,LA LIBERTAD,A
120413,LA LIBERTAD,OTUZCO,MACHE,LA LIBERTAD,A
120408,LA LIBERTAD,OTUZCO,PARANDAY,LA LIBERTAD,A
120409,LA LIBERTAD,OTUZCO,SALPO,LA LIBERTAD,A
120410,LA LIBERTAD,OTUZCO,SINSICAP,LA LIBERTAD,A
120411,LA LIBERTAD,OTUZCO,USQUIL,LA LIBERTAD,A
120501,LA LIBERTAD,PACASMAYO,SAN PEDRO DE LLOC,LA LIBERTAD,A
120503,LA LIBERTAD,PACASMAYO,GUADALUPE,LA LIBERTAD,A
120504,LA LIBERTAD,PACASMAYO,JEQUETEPEQUE,LA LIBERTAD,A
120506,LA LIBERTAD,PACASMAYO,PACASMAYO,LA LIBERTAD,A
120508,LA LIBERTAD,PACASMAYO,SAN JOSE,LA LIBERTAD,A
120601,LA LIBERTAD,PATAZ,TAYABAMBA,LA LIBERTAD,A
120602,LA LIBERTAD,PATAZ,BULDIBUYO,LA LIBERTAD,A
120603,LA LIBERTAD,PATAZ,CHILLIA,LA LIBERTAD,A
120605,LA LIBERTAD,PATAZ,HUANCASPATA,LA LIBERTAD,A
120604,LA LIBERTAD,PATAZ,HUAYLILLAS,LA LIBERTAD,A
120606,LA LIBERTAD,PATAZ,HUAYO,LA LIBERTAD,A
120607,LA LIBERTAD,PATAZ,ONGON,LA LIBERTAD,A
120608,LA LIBERTAD,PATAZ,PARCOY,LA LIBERTAD,A
120609,LA LIBERTAD,PATAZ,PATAZ,LA LIBERTAD,A
120610,LA LIBERTAD,PATAZ,PIAS,LA LIBERTAD,A
120613,LA LIBERTAD,PATAZ,SANTIAGO DE CHALLAS,LA LIBERTAD,A
120611,LA LIBERTAD,PATAZ,TAURIJA,LA LIBERTAD,A
120612,LA LIBERTAD,PATAZ,URPAY,LA LIBERTAD,A
120301,LA LIBERTAD,SANCHEZ CARRION,HUAMACHUCO,LA LIBERTAD,A
120304,LA LIBERTAD,SANCHEZ CARRION,CHUGAY,LA LIBERTAD,A
120302,LA LIBERTAD,SANCHEZ CARRION,COCHORCO,LA LIBERTAD,A
120303,LA LIBERTAD,SANCHEZ CARRION,CURGOS,LA LIBERTAD,A
120305,LA LIBERTAD,SANCHEZ CARRION,MARCABAL,LA LIBERTAD,A
120306,LA LIBERTAD,SANCHEZ CARRION,SANAGORAN,LA LIBERTAD,A
120307,LA LIBERTAD,SANCHEZ CARRION,SARIN,LA LIBERTAD,A
120308,LA LIBERTAD,SANCHEZ CARRION,SARTIMBAMBA,LA LIBERTAD,A
120701,LA LIBERTAD,SANTIAGO DE CHUCO,SANTIAGO DE CHUCO,LA LIBERTAD,A
120708,LA LIBERTAD,SANTIAGO DE CHUCO,ANGASMARCA,LA LIBERTAD,A
120702,LA LIBERTAD,SANTIAGO DE CHUCO,CACHICADAN,LA LIBERTAD,A
120703,LA LIBERTAD,SANTIAGO DE CHUCO,MOLLEBAMBA,LA LIBERTAD,A
120704,LA LIBERTAD,SANTIAGO DE CHUCO,MOLLEPATA,LA LIBERTAD,A
120705,LA LIBERTAD,SANTIAGO DE CHUCO,QUIRUVILCA,LA LIBERTAD,A
120706,LA LIBERTAD,SANTIAGO DE CHUCO,SANTA CRUZ DE CHUCA,LA LIBERTAD,A
120707,LA LIBERTAD,SANTIAGO DE CHUCO,SITABAMBA,LA LIBERTAD,A
121101,LA LIBERTAD,GRAN CHIMU,CASCAS,LA LIBERTAD,A
121102,LA LIBERTAD,GRAN CHIMU,LUCMA,LA LIBERTAD,A
121103,LA LIBERTAD,GRAN CHIMU,MARMOT,LA LIBERTAD,A
121104,LA LIBERTAD,GRAN CHIMU,SAYAPULLO,LA LIBERTAD,A
121201,LA LIBERTAD,VIRU,VIRU,LA LIBERTAD,A
121202,LA LIBERTAD,VIRU,CHAO,LA LIBERTAD,A
121203,LA LIBERTAD,VIRU,GUADALUPITO,LA LIBERTAD,A
130101,LAMBAYEQUE,CHICLAYO,CHICLAYO,LAMBAYEQUE,A
130102,LAMBAYEQUE,CHICLAYO,CHONGOYAPE,LAMBAYEQUE,A
130103,LAMBAYEQUE,CHICLAYO,ETEN,LAMBAYEQUE,A
130104,LAMBAYEQUE,CHICLAYO,ETEN PUERTO,LAMBAYEQUE,A
130112,LAMBAYEQUE,CHICLAYO,JOSE LEONARDO ORTIZ,LAMBAYEQUE,A
130115,LAMBAYEQUE,CHICLAYO,LA VICTORIA,LAMBAYEQUE,A
130105,LAMBAYEQUE,CHICLAYO,LAGUNAS,LAMBAYEQUE,A
130106,LAMBAYEQUE,CHICLAYO,MONSEFU,LAMBAYEQUE,A
130107,LAMBAYEQUE,CHICLAYO,NUEVA ARICA,LAMBAYEQUE,A
130108,LAMBAYEQUE,CHICLAYO,OYOTUN,LAMBAYEQUE,A
130109,LAMBAYEQUE,CHICLAYO,PICSI,LAMBAYEQUE,A
130110,LAMBAYEQUE,CHICLAYO,PIMENTEL,LAMBAYEQUE,A
130111,LAMBAYEQUE,CHICLAYO,REQUE,LAMBAYEQUE,A
130113,LAMBAYEQUE,CHICLAYO,SANTA ROSA,LAMBAYEQUE,A
130114,LAMBAYEQUE,CHICLAYO,SAÑA,LAMBAYEQUE,A
130116,LAMBAYEQUE,CHICLAYO,CAYALTI,LAMBAYEQUE,A
130117,LAMBAYEQUE,CHICLAYO,PATAPO,LAMBAYEQUE,A
130118,LAMBAYEQUE,CHICLAYO,POMALCA,LAMBAYEQUE,A
130119,LAMBAYEQUE,CHICLAYO,PUCALA,LAMBAYEQUE,A
130120,LAMBAYEQUE,CHICLAYO,TUMAN,LAMBAYEQUE,A
130201,LAMBAYEQUE,FERREÑAFE,FERREÑAFE,LAMBAYEQUE,A
130203,LAMBAYEQUE,FERREÑAFE,CAÑARIS,LAMBAYEQUE,A
130202,LAMBAYEQUE,FERREÑAFE,INCAHUASI,LAMBAYEQUE,A
130206,LAMBAYEQUE,FERREÑAFE,MANUEL ANTONIO MESONES MURO,LAMBAYEQUE,A
130204,LAMBAYEQUE,FERREÑAFE,PITIPO,LAMBAYEQUE,A
130205,LAMBAYEQUE,FERREÑAFE,PUEBLO NUEVO,LAMBAYEQUE,A
130301,LAMBAYEQUE,LAMBAYEQUE,LAMBAYEQUE,LAMBAYEQUE,A
130302,LAMBAYEQUE,LAMBAYEQUE,CHOCHOPE,LAMBAYEQUE,A
130303,LAMBAYEQUE,LAMBAYEQUE,ILLIMO,LAMBAYEQUE,A
130304,LAMBAYEQUE,LAMBAYEQUE,JAYANCA,LAMBAYEQUE,A
130305,LAMBAYEQUE,LAMBAYEQUE,MOCHUMI,LAMBAYEQUE,A
130306,LAMBAYEQUE,LAMBAYEQUE,MORROPE,LAMBAYEQUE,A
130307,LAMBAYEQUE,LAMBAYEQUE,MOTUPE,LAMBAYEQUE,A
130308,LAMBAYEQUE,LAMBAYEQUE,OLMOS,LAMBAYEQUE,A
130309,LAMBAYEQUE,LAMBAYEQUE,PACORA,LAMBAYEQUE,A
130310,LAMBAYEQUE,LAMBAYEQUE,SALAS,LAMBAYEQUE,A
130311,LAMBAYEQUE,LAMBAYEQUE,SAN JOSE,LAMBAYEQUE,A
130312,LAMBAYEQUE,LAMBAYEQUE,TUCUME,LAMBAYEQUE,A
140101,LIMA,LIMA,LIMA,LIMA PROVINCIA,A
140102,LIMA,LIMA,ANCON,LIMA PROVINCIA,A
140103,LIMA,LIMA,ATE,LIMA PROVINCIA,A
140125,LIMA,LIMA,BARRANCO,LIMA PROVINCIA,A
140104,LIMA,LIMA,BREÑA,LIMA PROVINCIA,A
140105,LIMA,LIMA,CARABAYLLO,LIMA PROVINCIA,A
140107,LIMA,LIMA,CHACLACAYO,LIMA PROVINCIA,A
140108,LIMA,LIMA,CHORRILLOS,LIMA PROVINCIA,A
140139,LIMA,LIMA,CIENEGUILLA,LIMA PROVINCIA,A
140106,LIMA,LIMA,COMAS,LIMA PROVINCIA,A
140135,LIMA,LIMA,EL AGUSTINO,LIMA PROVINCIA,A
140134,LIMA,LIMA,INDEPENDENCIA,LIMA PROVINCIA,A
140133,LIMA,LIMA,JESUS MARIA,LIMA PROVINCIA,A
140110,LIMA,LIMA,LA MOLINA,LIMA PROVINCIA,A
140109,LIMA,LIMA,LA VICTORIA,LIMA PROVINCIA,A
140111,LIMA,LIMA,LINCE,LIMA PROVINCIA,A
140142,LIMA,LIMA,LOS OLIVOS,LIMA PROVINCIA,A
140112,LIMA,LIMA,LURIGANCHO,LIMA PROVINCIA,A
140113,LIMA,LIMA,LURIN,LIMA PROVINCIA,A
140114,LIMA,LIMA,MAGDALENA DEL MAR,LIMA PROVINCIA,A
140117,LIMA,LIMA,PUEBLO LIBRE,LIMA PROVINCIA,A
140115,LIMA,LIMA,MIRAFLORES,LIMA PROVINCIA,A
140116,LIMA,LIMA,PACHACAMAC,LIMA PROVINCIA,A
140118,LIMA,LIMA,PUCUSANA,LIMA PROVINCIA,A
140119,LIMA,LIMA,PUENTE PIEDRA,LIMA PROVINCIA,A
140120,LIMA,LIMA,PUNTA HERMOSA,LIMA PROVINCIA,A
140121,LIMA,LIMA,PUNTA NEGRA,LIMA PROVINCIA,A
140122,LIMA,LIMA,RIMAC,LIMA PROVINCIA,A
140123,LIMA,LIMA,SAN BARTOLO,LIMA PROVINCIA,A
140140,LIMA,LIMA,SAN BORJA,LIMA PROVINCIA,A
140124,LIMA,LIMA,SAN ISIDRO,LIMA PROVINCIA,A
140137,LIMA,LIMA,SAN JUAN DE LURIGANCHO,LIMA PROVINCIA,A
140136,LIMA,LIMA,SAN JUAN DE MIRAFLORES,LIMA PROVINCIA,A
140138,LIMA,LIMA,SAN LUIS,LIMA PROVINCIA,A
140126,LIMA,LIMA,SAN MARTIN DE PORRES,LIMA PROVINCIA,A
140127,LIMA,LIMA,SAN MIGUEL,LIMA PROVINCIA,A
140143,LIMA,LIMA,SANTA ANITA,LIMA PROVINCIA,A
140128,LIMA,LIMA,SANTA MARIA DEL MAR,LIMA PROVINCIA,A
140129,LIMA,LIMA,SANTA ROSA,LIMA PROVINCIA,A
140130,LIMA,LIMA,SANTIAGO DE SURCO,LIMA PROVINCIA,A
140131,LIMA,LIMA,SURQUILLO,LIMA PROVINCIA,A
140141,LIMA,LIMA,VILLA EL SALVADOR,LIMA PROVINCIA,A
140132,LIMA,LIMA,VILLA MARIA DEL TRIUNFO,LIMA PROVINCIA,A
140901,LIMA,BARRANCA,BARRANCA,LIMA REGION,A
140902,LIMA,BARRANCA,PARAMONGA,LIMA REGION,A
140903,LIMA,BARRANCA,PATIVILCA,LIMA REGION,A
140904,LIMA,BARRANCA,SUPE,LIMA REGION,A
140905,LIMA,BARRANCA,SUPE PUERTO,LIMA REGION,A
140201,LIMA,CAJATAMBO,CAJATAMBO,LIMA REGION,A
140205,LIMA,CAJATAMBO,COPA,LIMA REGION,A
140206,LIMA,CAJATAMBO,GORGOR,LIMA REGION,A
140207,LIMA,CAJATAMBO,HUANCAPON,LIMA REGION,A
140208,LIMA,CAJATAMBO,MANAS,LIMA REGION,A
140301,LIMA,CANTA,CANTA,LIMA REGION,A
140302,LIMA,CANTA,ARAHUAY,LIMA REGION,A
140303,LIMA,CANTA,HUAMANTANGA,LIMA REGION,A
140304,LIMA,CANTA,HUAROS,LIMA REGION,A
140305,LIMA,CANTA,LACHAQUI,LIMA REGION,A
140306,LIMA,CANTA,SAN BUENAVENTURA,LIMA REGION,A
140307,LIMA,CANTA,SANTA ROSA DE QUIVES,LIMA REGION,A
140401,LIMA,CAÑETE,SAN VICENTE DE CAÑETE,LIMA REGION,A
140416,LIMA,CAÑETE,ASIA,LIMA REGION,A
140402,LIMA,CAÑETE,CALANGO,LIMA REGION,A
140403,LIMA,CAÑETE,CERRO AZUL,LIMA REGION,A
140405,LIMA,CAÑETE,CHILCA,LIMA REGION,A
140404,LIMA,CAÑETE,COAYLLO,LIMA REGION,A
140406,LIMA,CAÑETE,IMPERIAL,LIMA REGION,A
140407,LIMA,CAÑETE,LUNAHUANA,LIMA REGION,A
140408,LIMA,CAÑETE,MALA,LIMA REGION,A
140409,LIMA,CAÑETE,NUEVO IMPERIAL,LIMA REGION,A
140410,LIMA,CAÑETE,PACARAN,LIMA REGION,A
140411,LIMA,CAÑETE,QUILMANA,LIMA REGION,A
140412,LIMA,CAÑETE,SAN ANTONIO,LIMA REGION,A
140413,LIMA,CAÑETE,SAN LUIS,LIMA REGION,A
140414,LIMA,CAÑETE,SANTA CRUZ DE FLORES,LIMA REGION,A
140415,LIMA,CAÑETE,ZUÑIGA,LIMA REGION,A
140801,LIMA,HUARAL,HUARAL,LIMA REGION,A
140802,LIMA,HUARAL,ATAVILLOS ALTO,LIMA REGION,A
140803,LIMA,HUARAL,ATAVILLOS BAJO,LIMA REGION,A
140804,LIMA,HUARAL,AUCALLAMA,LIMA REGION,A
140805,LIMA,HUARAL,CHANCAY,LIMA REGION,A
140806,LIMA,HUARAL,IHUARI,LIMA REGION,A
140807,LIMA,HUARAL,LAMPIAN,LIMA REGION,A
140808,LIMA,HUARAL,PACARAOS,LIMA REGION,A
140809,LIMA,HUARAL,SAN MIGUEL DE ACOS,LIMA REGION,A
140811,LIMA,HUARAL,SANTA CRUZ DE ANDAMARCA,LIMA REGION,A
140812,LIMA,HUARAL,SUMBILCA,LIMA REGION,A
140810,LIMA,HUARAL,VEINTISIETE DE NOVIEMBRE,LIMA REGION,A
140601,LIMA,HUAROCHIRI,MATUCANA,LIMA REGION,A
140602,LIMA,HUAROCHIRI,ANTIOQUIA,LIMA REGION,A
140603,LIMA,HUAROCHIRI,CALLAHUANCA,LIMA REGION,A
140604,LIMA,HUAROCHIRI,CARAMPOMA,LIMA REGION,A
140607,LIMA,HUAROCHIRI,CHICLA,LIMA REGION,A
140606,LIMA,HUAROCHIRI,CUENCA,LIMA REGION,A
140630,LIMA,HUAROCHIRI,HUACHUPAMPA,LIMA REGION,A
140608,LIMA,HUAROCHIRI,HUANZA,LIMA REGION,A
140609,LIMA,HUAROCHIRI,HUAROCHIRI,LIMA REGION,A
140610,LIMA,HUAROCHIRI,LAHUAYTAMBO,LIMA REGION,A
140611,LIMA,HUAROCHIRI,LANGA,LIMA REGION,A
140631,LIMA,HUAROCHIRI,LARAOS,LIMA REGION,A
140612,LIMA,HUAROCHIRI,MARIATANA,LIMA REGION,A
140613,LIMA,HUAROCHIRI,RICARDO PALMA,LIMA REGION,A
140614,LIMA,HUAROCHIRI,SAN ANDRES DE TUPICOCHA,LIMA REGION,A
140615,LIMA,HUAROCHIRI,SAN ANTONIO,LIMA REGION,A
140616,LIMA,HUAROCHIRI,SAN BARTOLOME,LIMA REGION,A
140617,LIMA,HUAROCHIRI,SAN DAMIAN,LIMA REGION,A
140632,LIMA,HUAROCHIRI,SAN JUAN DE IRIS,LIMA REGION,A
140619,LIMA,HUAROCHIRI,SAN JUAN DE TANTARANCHE,LIMA REGION,A
140620,LIMA,HUAROCHIRI,SAN LORENZO DE QUINTI,LIMA REGION,A
140621,LIMA,HUAROCHIRI,SAN MATEO,LIMA REGION,A
140622,LIMA,HUAROCHIRI,SAN MATEO DE OTAO,LIMA REGION,A
140605,LIMA,HUAROCHIRI,SAN PEDRO DE CASTA,LIMA REGION,A
140623,LIMA,HUAROCHIRI,SAN PEDRO DE HUANCAYRE,LIMA REGION,A
140618,LIMA,HUAROCHIRI,SANGALLAYA,LIMA REGION,A
140624,LIMA,HUAROCHIRI,SANTA CRUZ DE COCACHACRA,LIMA REGION,A
140625,LIMA,HUAROCHIRI,SANTA EULALIA,LIMA REGION,A
140626,LIMA,HUAROCHIRI,SANTIAGO DE ANCHUCAYA,LIMA REGION,A
140627,LIMA,HUAROCHIRI,SANTIAGO DE TUNA,LIMA REGION,A
140628,LIMA,HUAROCHIRI,SANTO DOMINGO DE LOS OLLEROS,LIMA REGION,A
140629,LIMA,HUAROCHIRI,SURCO,LIMA REGION,A
140501,LIMA,HUAURA,HUACHO,LIMA REGION,A
140502,LIMA,HUAURA,AMBAR,LIMA REGION,A
140504,LIMA,HUAURA,CALETA DE CARQUIN,LIMA REGION,A
140505,LIMA,HUAURA,CHECRAS,LIMA REGION,A
140506,LIMA,HUAURA,HUALMAY,LIMA REGION,A
140507,LIMA,HUAURA,HUAURA,LIMA REGION,A
140508,LIMA,HUAURA,LEONCIO PRADO,LIMA REGION,A
140509,LIMA,HUAURA,PACCHO,LIMA REGION,A
140511,LIMA,HUAURA,SANTA LEONOR,LIMA REGION,A
140512,LIMA,HUAURA,SANTA MARIA,LIMA REGION,A
140513,LIMA,HUAURA,SAYAN,LIMA REGION,A
140516,LIMA,HUAURA,VEGUETA,LIMA REGION,A
141001,LIMA,OYON,OYON,LIMA REGION,A
141004,LIMA,OYON,ANDAJES,LIMA REGION,A
141003,LIMA,OYON,CAUJUL,LIMA REGION,A
141006,LIMA,OYON,COCHAMARCA,LIMA REGION,A
141002,LIMA,OYON,NAVAN,LIMA REGION,A
141005,LIMA,OYON,PACHANGARA,LIMA REGION,A
140701,LIMA,YAUYOS,YAUYOS,LIMA REGION,A
140702,LIMA,YAUYOS,ALIS,LIMA REGION,A
140703,LIMA,YAUYOS,AYAUCA,LIMA REGION,A
140704,LIMA,YAUYOS,AYAVIRI,LIMA REGION,A
140705,LIMA,YAUYOS,AZANGARO,LIMA REGION,A
140706,LIMA,YAUYOS,CACRA,LIMA REGION,A
140707,LIMA,YAUYOS,CARANIA,LIMA REGION,A
140733,LIMA,YAUYOS,CATAHUASI,LIMA REGION,A
140710,LIMA,YAUYOS,CHOCOS,LIMA REGION,A
140708,LIMA,YAUYOS,COCHAS,LIMA REGION,A
140709,LIMA,YAUYOS,COLONIA,LIMA REGION,A
140730,LIMA,YAUYOS,HONGOS,LIMA REGION,A
140711,LIMA,YAUYOS,HUAMPARA,LIMA REGION,A
140712,LIMA,YAUYOS,HUANCAYA,LIMA REGION,A
140713,LIMA,YAUYOS,HUANGASCAR,LIMA REGION,A
140714,LIMA,YAUYOS,HUANTAN,LIMA REGION,A
140715,LIMA,YAUYOS,HUAÑEC,LIMA REGION,A
140716,LIMA,YAUYOS,LARAOS,LIMA REGION,A
140717,LIMA,YAUYOS,LINCHA,LIMA REGION,A
140731,LIMA,YAUYOS,MADEAN,LIMA REGION,A
140718,LIMA,YAUYOS,MIRAFLORES,LIMA REGION,A
140719,LIMA,YAUYOS,OMAS,LIMA REGION,A
140732,LIMA,YAUYOS,PUTINZA,LIMA REGION,A
140720,LIMA,YAUYOS,QUINCHES,LIMA REGION,A
140721,LIMA,YAUYOS,QUINOCAY,LIMA REGION,A
140722,LIMA,YAUYOS,SAN JOAQUIN,LIMA REGION,A
140723,LIMA,YAUYOS,SAN PEDRO DE PILAS,LIMA REGION,A
140724,LIMA,YAUYOS,TANTA,LIMA REGION,A
140725,LIMA,YAUYOS,TAURIPAMPA,LIMA REGION,A
140727,LIMA,YAUYOS,TOMAS,LIMA REGION,A
140726,LIMA,YAUYOS,TUPE,LIMA REGION,A
140728,LIMA,YAUYOS,VIÑAC,LIMA REGION,A
140729,LIMA,YAUYOS,VITIS,LIMA REGION,A
150101,LORETO,MAYNAS,IQUITOS,LORETO,A
150102,LORETO,MAYNAS,ALTO NANAY,LORETO,A
150103,LORETO,MAYNAS,FERNANDO LORES,LORETO,A
150110,LORETO,MAYNAS,INDIANA,LORETO,A
150104,LORETO,MAYNAS,LAS AMAZONAS,LORETO,A
150105,LORETO,MAYNAS,MAZAN,LORETO,A
150106,LORETO,MAYNAS,NAPO,LORETO,A
150111,LORETO,MAYNAS,PUNCHANA,LORETO,A
150108,LORETO,MAYNAS,TORRES CAUSANA,LORETO,A
150112,LORETO,MAYNAS,BELEN,LORETO,A
150113,LORETO,MAYNAS,SAN JUAN BAUTISTA,LORETO,A
150201,LORETO,ALTO AMAZONAS,YURIMAGUAS,LORETO,A
150202,LORETO,ALTO AMAZONAS,BALSAPUERTO,LORETO,A
150205,LORETO,ALTO AMAZONAS,JEBEROS,LORETO,A
150206,LORETO,ALTO AMAZONAS,LAGUNAS,LORETO,A
230201,TUMBES,CONTRALMIRANTE VILLAR,ZORRITOS,TUMBES,A
230202,TUMBES,CONTRALMIRANTE VILLAR,CASITAS,TUMBES,A
230203,TUMBES,CONTRALMIRANTE VILLAR,CANOAS DE PUNTA SAL,TUMBES,A
230301,TUMBES,ZARUMILLA,ZARUMILLA,TUMBES,A
230304,TUMBES,ZARUMILLA,AGUAS VERDES,TUMBES,A
230302,TUMBES,ZARUMILLA,MATAPALO,TUMBES,A
230303,TUMBES,ZARUMILLA,PAPAYAL,TUMBES,A
250101,UCAYALI,CORONEL PORTILLO,CALLERIA,UCAYALI,A
250104,UCAYALI,CORONEL PORTILLO,CAMPOVERDE,UCAYALI,A
250105,UCAYALI,CORONEL PORTILLO,IPARIA,UCAYALI,A
250103,UCAYALI,CORONEL PORTILLO,MASISEA,UCAYALI,A
250102,UCAYALI,CORONEL PORTILLO,YARINACOCHA,UCAYALI,A
250106,UCAYALI,CORONEL PORTILLO,NUEVA REQUENA,UCAYALI,A
250107,UCAYALI,CORONEL PORTILLO,MANANTAY,UCAYALI,A
250301,UCAYALI,ATALAYA,RAYMONDI,UCAYALI,A
250304,UCAYALI,ATALAYA,SEPAHUA,UCAYALI,A
250302,UCAYALI,ATALAYA,TAHUANIA,UCAYALI,A
250303,UCAYALI,ATALAYA,YURUA,UCAYALI,A
250201,UCAYALI,PADRE ABAD,PADRE ABAD,UCAYALI,A
250202,UCAYALI,PADRE ABAD,IRAZOLA,UCAYALI,A
250203,UCAYALI,PADRE ABAD,CURIMANA,UCAYALI,A
250204,UCAYALI,PADRE ABAD,NESHUYA,UCAYALI,A
250205,UCAYALI,PADRE ABAD,ALEXANDER VON HUMBOLDT,UCAYALI,A
250401,UCAYALI,PURUS,PURUS,UCAYALI,A
50314,AYACUCHO,HUANTA,PUTIS,AYACUCHO,A
50412,AYACUCHO,LA MAR,UNION PROGRESO,AYACUCHO,A
50415,AYACUCHO,LA MAR,RIO MAGDALENA,AYACUCHO,A
50414,AYACUCHO,LA MAR,NINABAMBA,AYACUCHO,A
50413,AYACUCHO,LA MAR,PATIBAMBA,AYACUCHO,A
250207,UCAYALI,PADRE ABAD,HUIPOCA,UCAYALI,A
250206,UCAYALI,PADRE ABAD,BOQUERON,UCAYALI,A
170107,MOQUEGUA,MARISCAL NIETO,SAN ANTONIO,MOQUEGUA,A
80533,HUANCAVELICA,TAYACAJA,LAMBRAS,HUANCAVELICA,A
80534,HUANCAVELICA,TAYACAJA,COCHABAMBA,HUANCAVELICA,A
,LIMA,LIMA,SANTA MARIA DE HUACHIPA,LIMA PROVINCIA,A
70916,CUSCO,LA CONVENCION,KUMPIRUSHIATO,CUSCO,A
70917,CUSCO,LA CONVENCION,CIELO PUNCO,CUSCO,A
70918,CUSCO,LA CONVENCION,MANITEA,CUSCO,A
70919,CUSCO,LA CONVENCION,UNION ASHÁNINKA,CUSCO,A
30712,APURIMAC,CHINCHEROS,AHUAYRO,APURIMAC,A
210806,SAN MARTIN,TOCACHE,SANTA LUCIA,SAN MARTIN,A
150107,LORETO,MAYNAS,PUTUMAYO,LORETO,A
150114,LORETO,MAYNAS,TENIENTE MANUEL CLAVERO,LORETO,A
150210,LORETO,ALTO AMAZONAS,SANTA CRUZ,LORETO,A
150211,LORETO,ALTO AMAZONAS,TENIENTE CESAR LOPEZ ROJAS,LORETO,A
150301,LORETO,LORETO,NAUTA,LORETO,A
150302,LORETO,LORETO,PARINARI,LORETO,A
150303,LORETO,LORETO,TIGRE,LORETO,A
150305,LORETO,LORETO,TROMPETEROS,LORETO,A
150304,LORETO,LORETO,URARINAS,LORETO,A
150601,LORETO,MARISCAL RAMON CASTILLA,RAMON CASTILLA,LORETO,A
150602,LORETO,MARISCAL RAMON CASTILLA,PEBAS,LORETO,A
150603,LORETO,MARISCAL RAMON CASTILLA,YAVARI,LORETO,A
150604,LORETO,MARISCAL RAMON CASTILLA,SAN PABLO,LORETO,A
150401,LORETO,REQUENA,REQUENA,LORETO,A
150402,LORETO,REQUENA,ALTO TAPICHE,LORETO,A
150403,LORETO,REQUENA,CAPELO,LORETO,A
150404,LORETO,REQUENA,EMILIO SAN MARTIN,LORETO,A
150405,LORETO,REQUENA,MAQUIA,LORETO,A
150406,LORETO,REQUENA,PUINAHUA,LORETO,A
150407,LORETO,REQUENA,SAQUENA,LORETO,A
150408,LORETO,REQUENA,SOPLIN,LORETO,A
150409,LORETO,REQUENA,TAPICHE,LORETO,A
150410,LORETO,REQUENA,JENARO HERRERA,LORETO,A
150411,LORETO,REQUENA,YAQUERANA,LORETO,A
150501,LORETO,UCAYALI,CONTAMANA,LORETO,A
150506,LORETO,UCAYALI,INAHUAYA,LORETO,A
150503,LORETO,UCAYALI,PADRE MARQUEZ,LORETO,A
150504,LORETO,UCAYALI,PAMPA HERMOSA,LORETO,A
150505,LORETO,UCAYALI,SARAYACU,LORETO,A
150502,LORETO,UCAYALI,VARGAS GUERRA,LORETO,A
150701,LORETO,DATEM DEL MARAÑON,BARRANCA,LORETO,A
150703,LORETO,DATEM DEL MARAÑON,CAHUAPANAS,LORETO,A
150704,LORETO,DATEM DEL MARAÑON,MANSERICHE,LORETO,A
150705,LORETO,DATEM DEL MARAÑON,MORONA,LORETO,A
150706,LORETO,DATEM DEL MARAÑON,PASTAZA,LORETO,A
150702,LORETO,DATEM DEL MARAÑON,ANDOAS,LORETO,A
150901,LORETO,PUTUMAYO,PUTUMAYO,LORETO,A
150902,LORETO,PUTUMAYO,ROSA PANDURO,LORETO,A
150903,LORETO,PUTUMAYO,TENIENTE MANUEL CLAVERO,LORETO,A
150904,LORETO,PUTUMAYO,YAGUAS,LORETO,A
160101,MADRE DE DIOS,TAMBOPATA,TAMBOPATA,MADRE DE DIOS,A
160102,MADRE DE DIOS,TAMBOPATA,INAMBARI,MADRE DE DIOS,A
160103,MADRE DE DIOS,TAMBOPATA,LAS PIEDRAS,MADRE DE DIOS,A
160104,MADRE DE DIOS,TAMBOPATA,LABERINTO,MADRE DE DIOS,A
160201,MADRE DE DIOS,MANU,MANU,MADRE DE DIOS,A
160202,MADRE DE DIOS,MANU,FITZCARRALD,MADRE DE DIOS,A
160203,MADRE DE DIOS,MANU,MADRE DE DIOS,MADRE DE DIOS,A
160204,MADRE DE DIOS,MANU,HUEPETUHE,MADRE DE DIOS,A
160301,MADRE DE DIOS,TAHUAMANU,IÑAPARI,MADRE DE DIOS,A
160302,MADRE DE DIOS,TAHUAMANU,IBERIA,MADRE DE DIOS,A
160303,MADRE DE DIOS,TAHUAMANU,TAHUAMANU,MADRE DE DIOS,A
170101,MOQUEGUA,MARISCAL NIETO,MOQUEGUA,MOQUEGUA,A
170102,MOQUEGUA,MARISCAL NIETO,CARUMAS,MOQUEGUA,A
170103,MOQUEGUA,MARISCAL NIETO,CUCHUMBAYA,MOQUEGUA,A
170106,MOQUEGUA,MARISCAL NIETO,SAMEGUA,MOQUEGUA,A
170104,MOQUEGUA,MARISCAL NIETO,SAN CRISTOBAL,MOQUEGUA,A
170105,MOQUEGUA,MARISCAL NIETO,TORATA,MOQUEGUA,A
170201,MOQUEGUA,GENERAL SANCHEZ CERRO,OMATE,MOQUEGUA,A
170203,MOQUEGUA,GENERAL SANCHEZ CERRO,CHOJATA,MOQUEGUA,A
170202,MOQUEGUA,GENERAL SANCHEZ CERRO,COALAQUE,MOQUEGUA,A
170204,MOQUEGUA,GENERAL SANCHEZ CERRO,ICHUÑA,MOQUEGUA,A
170205,MOQUEGUA,GENERAL SANCHEZ CERRO,LA CAPILLA,MOQUEGUA,A
170206,MOQUEGUA,GENERAL SANCHEZ CERRO,LLOQUE,MOQUEGUA,A
170207,MOQUEGUA,GENERAL SANCHEZ CERRO,MATALAQUE,MOQUEGUA,A
170208,MOQUEGUA,GENERAL SANCHEZ CERRO,PUQUINA,MOQUEGUA,A
170209,MOQUEGUA,GENERAL SANCHEZ CERRO,QUINISTAQUILLAS,MOQUEGUA,A
170210,MOQUEGUA,GENERAL SANCHEZ CERRO,UBINAS,MOQUEGUA,A
170211,MOQUEGUA,GENERAL SANCHEZ CERRO,YUNGA,MOQUEGUA,A
170301,MOQUEGUA,ILO,ILO,MOQUEGUA,A
170302,MOQUEGUA,ILO,EL ALGARROBAL,MOQUEGUA,A
170303,MOQUEGUA,ILO,PACOCHA,MOQUEGUA,A
180101,PASCO,PASCO,CHAUPIMARCA,PASCO,A
180103,PASCO,PASCO,HUACHON,PASCO,A
180104,PASCO,PASCO,HUARIACA,PASCO,A
180105,PASCO,PASCO,HUAYLLAY,PASCO,A
180106,PASCO,PASCO,NINACACA,PASCO,A
180107,PASCO,PASCO,PALLANCHACRA,PASCO,A
180108,PASCO,PASCO,PAUCARTAMBO,PASCO,A
180109,PASCO,PASCO,SAN FRANCISCO DE ASIS DE YARUSYACAN,PASCO,A
180110,PASCO,PASCO,SIMON BOLIVAR,PASCO,A
180111,PASCO,PASCO,TICLACAYAN,PASCO,A
180112,PASCO,PASCO,TINYAHUARCO,PASCO,A
180113,PASCO,PASCO,VICCO,PASCO,A
180114,PASCO,PASCO,YANACANCHA,PASCO,A
180201,PASCO,DANIEL ALCIDES CARRION,YANAHUANCA,PASCO,A
180202,PASCO,DANIEL ALCIDES CARRION,CHACAYAN,PASCO,A
180203,PASCO,DANIEL ALCIDES CARRION,GOYLLARISQUIZGA,PASCO,A
180204,PASCO,DANIEL ALCIDES CARRION,PAUCAR,PASCO,A
180205,PASCO,DANIEL ALCIDES CARRION,SAN PEDRO DE PILLAO,PASCO,A
180206,PASCO,DANIEL ALCIDES CARRION,SANTA ANA DE TUSI,PASCO,A
180207,PASCO,DANIEL ALCIDES CARRION,TAPUC,PASCO,A
180208,PASCO,DANIEL ALCIDES CARRION,VILCABAMBA,PASCO,A
180301,PASCO,OXAPAMPA,OXAPAMPA,PASCO,A
180302,PASCO,OXAPAMPA,CHONTABAMBA,PASCO,A
180303,PASCO,OXAPAMPA,HUANCABAMBA,PASCO,A
180307,PASCO,OXAPAMPA,PALCAZU,PASCO,A
180306,PASCO,OXAPAMPA,POZUZO,PASCO,A
180304,PASCO,OXAPAMPA,PUERTO BERMUDEZ,PASCO,A
180305,PASCO,OXAPAMPA,VILLA RICA,PASCO,A
180308,PASCO,OXAPAMPA,CONSTITUCION,PASCO,A
190101,PIURA,PIURA,PIURA,PIURA,A
190103,PIURA,PIURA,CASTILLA,PIURA,A
190104,PIURA,PIURA,CATACAOS,PIURA,A
190113,PIURA,PIURA,CURA MORI,PIURA,A
190114,PIURA,PIURA,EL TALLAN,PIURA,A
190105,PIURA,PIURA,LA ARENA,PIURA,A
190106,PIURA,PIURA,LA UNION,PIURA,A
190107,PIURA,PIURA,LAS LOMAS,PIURA,A
190109,PIURA,PIURA,TAMBO GRANDE,PIURA,A
190115,PIURA,PIURA,VEINTISEIS DE OCTUBRE,PIURA,A
190201,PIURA,AYABACA,AYABACA,PIURA,A
190202,PIURA,AYABACA,FRIAS,PIURA,A
190209,PIURA,AYABACA,JILILI,PIURA,A
190203,PIURA,AYABACA,LAGUNAS,PIURA,A
190204,PIURA,AYABACA,MONTERO,PIURA,A
190205,PIURA,AYABACA,PACAIPAMPA,PIURA,A
190210,PIURA,AYABACA,PAIMAS,PIURA,A
190206,PIURA,AYABACA,SAPILLICA,PIURA,A
190207,PIURA,AYABACA,SICCHEZ,PIURA,A
190208,PIURA,AYABACA,SUYO,PIURA,A
190301,PIURA,HUANCABAMBA,HUANCABAMBA,PIURA,A
190302,PIURA,HUANCABAMBA,CANCHAQUE,PIURA,A
190306,PIURA,HUANCABAMBA,EL CARMEN DE LA FRONTERA,PIURA,A
190303,PIURA,HUANCABAMBA,HUARMACA,PIURA,A
190308,PIURA,HUANCABAMBA,LALAQUIZ,PIURA,A
190307,PIURA,HUANCABAMBA,SAN MIGUEL DE EL FAIQUE,PIURA,A
190304,PIURA,HUANCABAMBA,SONDOR,PIURA,A
190305,PIURA,HUANCABAMBA,SONDORILLO,PIURA,A
190401,PIURA,MORROPON,CHULUCANAS,PIURA,A
190402,PIURA,MORROPON,BUENOS AIRES,PIURA,A
190403,PIURA,MORROPON,CHALACO,PIURA,A
190408,PIURA,MORROPON,LA MATANZA,PIURA,A
190404,PIURA,MORROPON,MORROPON,PIURA,A
190405,PIURA,MORROPON,SALITRAL,PIURA,A
190410,PIURA,MORROPON,SAN JUAN DE BIGOTE,PIURA,A
190406,PIURA,MORROPON,SANTA CATALINA DE MOSSA,PIURA,A
190407,PIURA,MORROPON,SANTO DOMINGO,PIURA,A
190409,PIURA,MORROPON,YAMANGO,PIURA,A
190501,PIURA,PAITA,PAITA,PIURA,A
190502,PIURA,PAITA,AMOTAPE,PIURA,A
190503,PIURA,PAITA,ARENAL,PIURA,A
190505,PIURA,PAITA,COLAN,PIURA,A
190504,PIURA,PAITA,LA HUACA,PIURA,A
190506,PIURA,PAITA,TAMARINDO,PIURA,A
190507,PIURA,PAITA,VICHAYAL,PIURA,A
190601,PIURA,SULLANA,SULLANA,PIURA,A
190602,PIURA,SULLANA,BELLAVISTA,PIURA,A
190608,PIURA,SULLANA,IGNACIO ESCUDERO,PIURA,A
190603,PIURA,SULLANA,LANCONES,PIURA,A
190604,PIURA,SULLANA,MARCAVELICA,PIURA,A
190605,PIURA,SULLANA,MIGUEL CHECA,PIURA,A
190606,PIURA,SULLANA,QUERECOTILLO,PIURA,A
190607,PIURA,SULLANA,SALITRAL,PIURA,A
190701,PIURA,TALARA,PARIÑAS,PIURA,A
190702,PIURA,TALARA,EL ALTO,PIURA,A
190703,PIURA,TALARA,LA BREA,PIURA,A
190704,PIURA,TALARA,LOBITOS,PIURA,A
190706,PIURA,TALARA,LOS ORGANOS,PIURA,A
190705,PIURA,TALARA,MANCORA,PIURA,A
190801,PIURA,SECHURA,SECHURA,PIURA,A
190804,PIURA,SECHURA,BELLAVISTA DE LA UNION,PIURA,A
190803,PIURA,SECHURA,BERNAL,PIURA,A
190805,PIURA,SECHURA,CRISTO NOS VALGA,PIURA,A
190802,PIURA,SECHURA,VICE,PIURA,A
190806,PIURA,SECHURA,RINCONADA LLICUAR,PIURA,A
200101,PUNO,PUNO,PUNO,PUNO,A
200102,PUNO,PUNO,ACORA,PUNO,A
200115,PUNO,PUNO,AMANTANI,PUNO,A
200103,PUNO,PUNO,ATUNCOLLA,PUNO,A
200104,PUNO,PUNO,CAPACHICA,PUNO,A
200106,PUNO,PUNO,CHUCUITO,PUNO,A
200105,PUNO,PUNO,COATA,PUNO,A
200107,PUNO,PUNO,HUATA,PUNO,A
200108,PUNO,PUNO,MAÑAZO,PUNO,A
200109,PUNO,PUNO,PAUCARCOLLA,PUNO,A
200110,PUNO,PUNO,PICHACANI,PUNO,A
200114,PUNO,PUNO,PLATERIA,PUNO,A
200111,PUNO,PUNO,SAN ANTONIO,PUNO,A
200112,PUNO,PUNO,TIQUILLACA,PUNO,A
200113,PUNO,PUNO,VILQUE,PUNO,A
200201,PUNO,AZANGARO,AZANGARO,PUNO,A
200202,PUNO,AZANGARO,ACHAYA,PUNO,A
200203,PUNO,AZANGARO,ARAPA,PUNO,A
200204,PUNO,AZANGARO,ASILLO,PUNO,A
200205,PUNO,AZANGARO,CAMINACA,PUNO,A
200206,PUNO,AZANGARO,CHUPA,PUNO,A
200207,PUNO,AZANGARO,JOSE DOMINGO CHOQUEHUANCA,PUNO,A
200208,PUNO,AZANGARO,MUÑANI,PUNO,A
200210,PUNO,AZANGARO,POTONI,PUNO,A
200212,PUNO,AZANGARO,SAMAN,PUNO,A
200213,PUNO,AZANGARO,SAN ANTON,PUNO,A
200214,PUNO,AZANGARO,SAN JOSE,PUNO,A
200215,PUNO,AZANGARO,SAN JUAN DE SALINAS,PUNO,A
200216,PUNO,AZANGARO,SANTIAGO DE PUPUJA,PUNO,A
200217,PUNO,AZANGARO,TIRAPATA,PUNO,A
200301,PUNO,CARABAYA,MACUSANI,PUNO,A
200302,PUNO,CARABAYA,AJOYANI,PUNO,A
200303,PUNO,CARABAYA,AYAPATA,PUNO,A
200304,PUNO,CARABAYA,COASA,PUNO,A
200305,PUNO,CARABAYA,CORANI,PUNO,A
200306,PUNO,CARABAYA,CRUCERO,PUNO,A
200307,PUNO,CARABAYA,ITUATA,PUNO,A
200308,PUNO,CARABAYA,OLLACHEA,PUNO,A
200309,PUNO,CARABAYA,SAN GABAN,PUNO,A
200310,PUNO,CARABAYA,USICAYOS,PUNO,A
200401,PUNO,CHUCUITO,JULI,PUNO,A
200402,PUNO,CHUCUITO,DESAGUADERO,PUNO,A
200403,PUNO,CHUCUITO,HUACULLANI,PUNO,A
200412,PUNO,CHUCUITO,KELLUYO,PUNO,A
200406,PUNO,CHUCUITO,PISACOMA,PUNO,A
200407,PUNO,CHUCUITO,POMATA,PUNO,A
200410,PUNO,CHUCUITO,ZEPITA,PUNO,A
201201,PUNO,EL COLLAO,ILAVE,PUNO,A
201204,PUNO,EL COLLAO,CAPAZO,PUNO,A
201202,PUNO,EL COLLAO,PILCUYO,PUNO,A
201203,PUNO,EL COLLAO,SANTA ROSA,PUNO,A
201205,PUNO,EL COLLAO,CONDURIRI,PUNO,A
200501,PUNO,HUANCANE,HUANCANE,PUNO,A
200502,PUNO,HUANCANE,COJATA,PUNO,A
200511,PUNO,HUANCANE,HUATASANI,PUNO,A
200504,PUNO,HUANCANE,INCHUPALLA,PUNO,A
200506,PUNO,HUANCANE,PUSI,PUNO,A
200507,PUNO,HUANCANE,ROSASPATA,PUNO,A
200508,PUNO,HUANCANE,TARACO,PUNO,A
200509,PUNO,HUANCANE,VILQUE CHICO,PUNO,A
200601,PUNO,LAMPA,LAMPA,PUNO,A
200602,PUNO,LAMPA,CABANILLA,PUNO,A
200603,PUNO,LAMPA,CALAPUJA,PUNO,A
200604,PUNO,LAMPA,NICASIO,PUNO,A
200605,PUNO,LAMPA,OCUVIRI,PUNO,A
200606,PUNO,LAMPA,PALCA,PUNO,A
200607,PUNO,LAMPA,PARATIA,PUNO,A
200608,PUNO,LAMPA,PUCARA,PUNO,A
200609,PUNO,LAMPA,SANTA LUCIA,PUNO,A
200610,PUNO,LAMPA,VILAVILA,PUNO,A
200701,PUNO,MELGAR,AYAVIRI,PUNO,A
200702,PUNO,MELGAR,ANTAUTA,PUNO,A
200703,PUNO,MELGAR,CUPI,PUNO,A
200704,PUNO,MELGAR,LLALLI,PUNO,A
200705,PUNO,MELGAR,MACARI,PUNO,A
200706,PUNO,MELGAR,NUÑOA,PUNO,A
200707,PUNO,MELGAR,ORURILLO,PUNO,A
200708,PUNO,MELGAR,SANTA ROSA,PUNO,A
200709,PUNO,MELGAR,UMACHIRI,PUNO,A
201301,PUNO,MOHO,MOHO,PUNO,A
201302,PUNO,MOHO,CONIMA,PUNO,A
201304,PUNO,MOHO,HUAYRAPATA,PUNO,A
201303,PUNO,MOHO,TILALI,PUNO,A
201101,PUNO,SAN ANTONIO DE PUTINA,PUTINA,PUNO,A
201104,PUNO,SAN ANTONIO DE PUTINA,ANANEA,PUNO,A
201102,PUNO,SAN ANTONIO DE PUTINA,PEDRO VILCA APAZA,PUNO,A
201103,PUNO,SAN ANTONIO DE PUTINA,QUILCAPUNCU,PUNO,A
201105,PUNO,SAN ANTONIO DE PUTINA,SINA,PUNO,A
200901,PUNO,SAN ROMAN,JULIACA,PUNO,A
200902,PUNO,SAN ROMAN,CABANA,PUNO,A
200903,PUNO,SAN ROMAN,CABANILLAS,PUNO,A
200904,PUNO,SAN ROMAN,CARACOTO,PUNO,A
200905,PUNO,SAN ROMAN,SAN MIGUEL,PUNO,A
200801,PUNO,SANDIA,SANDIA,PUNO,A
200803,PUNO,SANDIA,CUYOCUYO,PUNO,A
200804,PUNO,SANDIA,LIMBANI,PUNO,A
200806,PUNO,SANDIA,PATAMBUCO,PUNO,A
200805,PUNO,SANDIA,PHARA,PUNO,A
200807,PUNO,SANDIA,QUIACA,PUNO,A
200808,PUNO,SANDIA,SAN JUAN DEL ORO,PUNO,A
200810,PUNO,SANDIA,YANAHUAYA,PUNO,A
200811,PUNO,SANDIA,ALTO INAMBARI,PUNO,A
200812,PUNO,SANDIA,SAN PEDRO DE PUTINA PUNCO,PUNO,A
201001,PUNO,YUNGUYO,YUNGUYO,PUNO,A
201003,PUNO,YUNGUYO,ANAPIA,PUNO,A
201004,PUNO,YUNGUYO,COPANI,PUNO,A
201005,PUNO,YUNGUYO,CUTURAPI,PUNO,A
201006,PUNO,YUNGUYO,OLLARAYA,PUNO,A
201007,PUNO,YUNGUYO,TINICACHI,PUNO,A
201002,PUNO,YUNGUYO,UNICACHI,PUNO,A
210101,SAN MARTIN,MOYOBAMBA,MOYOBAMBA,SAN MARTIN,A
210102,SAN MARTIN,MOYOBAMBA,CALZADA,SAN MARTIN,A
210103,SAN MARTIN,MOYOBAMBA,HABANA,SAN MARTIN,A
210104,SAN MARTIN,MOYOBAMBA,JEPELACIO,SAN MARTIN,A
210105,SAN MARTIN,MOYOBAMBA,SORITOR,SAN MARTIN,A
210106,SAN MARTIN,MOYOBAMBA,YANTALO,SAN MARTIN,A
210701,SAN MARTIN,BELLAVISTA,BELLAVISTA,SAN MARTIN,A
210704,SAN MARTIN,BELLAVISTA,ALTO BIAVO,SAN MARTIN,A
210706,SAN MARTIN,BELLAVISTA,BAJO BIAVO,SAN MARTIN,A
210705,SAN MARTIN,BELLAVISTA,HUALLAGA,SAN MARTIN,A
210703,SAN MARTIN,BELLAVISTA,SAN PABLO,SAN MARTIN,A
210702,SAN MARTIN,BELLAVISTA,SAN RAFAEL,SAN MARTIN,A
211001,SAN MARTIN,EL DORADO,SAN JOSE DE SISA,SAN MARTIN,A
211002,SAN MARTIN,EL DORADO,AGUA BLANCA,SAN MARTIN,A
211004,SAN MARTIN,EL DORADO,SAN MARTIN,SAN MARTIN,A
211005,SAN MARTIN,EL DORADO,SANTA ROSA,SAN MARTIN,A
211003,SAN MARTIN,EL DORADO,SHATOJA,SAN MARTIN,A
210201,SAN MARTIN,HUALLAGA,SAPOSOA,SAN MARTIN,A
210205,SAN MARTIN,HUALLAGA,ALTO SAPOSOA,SAN MARTIN,A
210206,SAN MARTIN,HUALLAGA,EL ESLABON,SAN MARTIN,A
210202,SAN MARTIN,HUALLAGA,PISCOYACU,SAN MARTIN,A
210203,SAN MARTIN,HUALLAGA,SACANCHE,SAN MARTIN,A
210204,SAN MARTIN,HUALLAGA,TINGO DE SAPOSOA,SAN MARTIN,A
210301,SAN MARTIN,LAMAS,LAMAS,SAN MARTIN,A
210315,SAN MARTIN,LAMAS,ALONSO DE ALVARADO,SAN MARTIN,A
210303,SAN MARTIN,LAMAS,BARRANQUITA,SAN MARTIN,A
210304,SAN MARTIN,LAMAS,CAYNARACHI,SAN MARTIN,A
210305,SAN MARTIN,LAMAS,CUÑUMBUQUI,SAN MARTIN,A
210306,SAN MARTIN,LAMAS,PINTO RECODO,SAN MARTIN,A
210307,SAN MARTIN,LAMAS,RUMISAPA,SAN MARTIN,A
210316,SAN MARTIN,LAMAS,SAN ROQUE DE CUMBAZA,SAN MARTIN,A
210311,SAN MARTIN,LAMAS,SHANAO,SAN MARTIN,A
210313,SAN MARTIN,LAMAS,TABALOSOS,SAN MARTIN,A
210314,SAN MARTIN,LAMAS,ZAPATERO,SAN MARTIN,A
210401,SAN MARTIN,MARISCAL CACERES,JUANJUI,SAN MARTIN,A
210402,SAN MARTIN,MARISCAL CACERES,CAMPANILLA,SAN MARTIN,A
210403,SAN MARTIN,MARISCAL CACERES,HUICUNGO,SAN MARTIN,A
210404,SAN MARTIN,MARISCAL CACERES,PACHIZA,SAN MARTIN,A
210405,SAN MARTIN,MARISCAL CACERES,PAJARILLO,SAN MARTIN,A
210901,SAN MARTIN,PICOTA,PICOTA,SAN MARTIN,A
210902,SAN MARTIN,PICOTA,BUENOS AIRES,SAN MARTIN,A
210903,SAN MARTIN,PICOTA,CASPISAPA,SAN MARTIN,A
210904,SAN MARTIN,PICOTA,PILLUANA,SAN MARTIN,A
210905,SAN MARTIN,PICOTA,PUCACACA,SAN MARTIN,A
210906,SAN MARTIN,PICOTA,SAN CRISTOBAL,SAN MARTIN,A
210907,SAN MARTIN,PICOTA,SAN HILARION,SAN MARTIN,A
210910,SAN MARTIN,PICOTA,SHAMBOYACU,SAN MARTIN,A
210908,SAN MARTIN,PICOTA,TINGO DE PONASA,SAN MARTIN,A
210909,SAN MARTIN,PICOTA,TRES UNIDOS,SAN MARTIN,A
210501,SAN MARTIN,RIOJA,RIOJA,SAN MARTIN,A
210509,SAN MARTIN,RIOJA,AWAJUN,SAN MARTIN,A
210506,SAN MARTIN,RIOJA,ELIAS SOPLIN VARGAS,SAN MARTIN,A
210505,SAN MARTIN,RIOJA,NUEVA CAJAMARCA,SAN MARTIN,A
210508,SAN MARTIN,RIOJA,PARDO MIGUEL,SAN MARTIN,A
210502,SAN MARTIN,RIOJA,POSIC,SAN MARTIN,A
210507,SAN MARTIN,RIOJA,SAN FERNANDO,SAN MARTIN,A
210503,SAN MARTIN,RIOJA,YORONGOS,SAN MARTIN,A
210504,SAN MARTIN,RIOJA,YURACYACU,SAN MARTIN,A
210601,SAN MARTIN,SAN MARTIN,TARAPOTO,SAN MARTIN,A
210602,SAN MARTIN,SAN MARTIN,ALBERTO LEVEAU,SAN MARTIN,A
210604,SAN MARTIN,SAN MARTIN,CACATACHI,SAN MARTIN,A
210606,SAN MARTIN,SAN MARTIN,CHAZUTA,SAN MARTIN,A
210607,SAN MARTIN,SAN MARTIN,CHIPURANA,SAN MARTIN,A
210608,SAN MARTIN,SAN MARTIN,EL PORVENIR,SAN MARTIN,A
210609,SAN MARTIN,SAN MARTIN,HUIMBAYOC,SAN MARTIN,A
210610,SAN MARTIN,SAN MARTIN,JUAN GUERRA,SAN MARTIN,A
210621,SAN MARTIN,SAN MARTIN,LA BANDA DE SHILCAYO,SAN MARTIN,A
210611,SAN MARTIN,SAN MARTIN,MORALES,SAN MARTIN,A
210612,SAN MARTIN,SAN MARTIN,PAPAPLAYA,SAN MARTIN,A
210616,SAN MARTIN,SAN MARTIN,SAN ANTONIO,SAN MARTIN,A
210619,SAN MARTIN,SAN MARTIN,SAUCE,SAN MARTIN,A
210620,SAN MARTIN,SAN MARTIN,SHAPAJA,SAN MARTIN,A
210801,SAN MARTIN,TOCACHE,TOCACHE,SAN MARTIN,A
210802,SAN MARTIN,TOCACHE,NUEVO PROGRESO,SAN MARTIN,A
210803,SAN MARTIN,TOCACHE,POLVORA,SAN MARTIN,A
210804,SAN MARTIN,TOCACHE,SHUNTE,SAN MARTIN,A
210805,SAN MARTIN,TOCACHE,UCHIZA,SAN MARTIN,A
220101,TACNA,TACNA,TACNA,TACNA,A
220111,TACNA,TACNA,ALTO DE LA ALIANZA,TACNA,A
220102,TACNA,TACNA,CALANA,TACNA,A
220112,TACNA,TACNA,CIUDAD NUEVA,TACNA,A
220104,TACNA,TACNA,INCLAN,TACNA,A
220107,TACNA,TACNA,PACHIA,TACNA,A
220108,TACNA,TACNA,PALCA,TACNA,A
220109,TACNA,TACNA,POCOLLAY,TACNA,A
220110,TACNA,TACNA,SAMA,TACNA,A
220113,TACNA,TACNA,CORONEL GREGORIO ALBARRACIN LANCHIP,TACNA,A
220114,TACNA,TACNA,LA YARADA LOS PALOS,TACNA,A
220401,TACNA,CANDARAVE,CANDARAVE,TACNA,A
220402,TACNA,CANDARAVE,CAIRANI,TACNA,A
220406,TACNA,CANDARAVE,CAMILACA,TACNA,A
220403,TACNA,CANDARAVE,CURIBAYA,TACNA,A
220404,TACNA,CANDARAVE,HUANUARA,TACNA,A
220405,TACNA,CANDARAVE,QUILAHUANI,TACNA,A
220301,TACNA,JORGE BASADRE,LOCUMBA,TACNA,A
220303,TACNA,JORGE BASADRE,ILABAYA,TACNA,A
220302,TACNA,JORGE BASADRE,ITE,TACNA,A
220201,TACNA,TARATA,TARATA,TACNA,A
220205,TACNA,TARATA,CHUCATAMANI,TACNA,A
220206,TACNA,TARATA,ESTIQUE,TACNA,A
220207,TACNA,TARATA,ESTIQUE-PAMPA,TACNA,A
220210,TACNA,TARATA,SITAJARA,TACNA,A
220211,TACNA,TARATA,SUSAPAYA,TACNA,A
220212,TACNA,TARATA,TARUCACHI,TACNA,A
220213,TACNA,TARATA,TICACO,TACNA,A
230101,TUMBES,TUMBES,TUMBES,TUMBES,A
230102,TUMBES,TUMBES,CORRALES,TUMBES,A
230103,TUMBES,TUMBES,LA CRUZ,TUMBES,A
230104,TUMBES,TUMBES,PAMPAS DE HOSPITAL,TUMBES,A
230105,TUMBES,TUMBES,SAN JACINTO,TUMBES,A
230106,TUMBES,TUMBES,SAN JUAN DE LA VIRGEN,TUMBES,A